		1BXSL
		1INVH
		1LNCO
		1LUV
		2LW
		9AC
		9AD
		9AE
		9BC
		9BD
		9CC
		9CD
		9CE
		9DC
		9DD
		9DE
		9EC
		9ED
		9EE
		9FC
		9FD
		9FE
		9GC
		9GD
		9GE
		9HC
		9HD
		9HE
		9IE
		9JC
		9JD
		9KC
		9KD
		9KE
		9LC
		9LD
		9LE
		9MC
		9MD
		9ME
		9NC
		9ND
		9NE
		9OC
		9OD
		9PC
		9PD
		9PE
		9QC
		9QD
		9QE
		9RC
		9RE
		9SC
		9SE
		9TC
		9TD
		9TE
		9UC
		9UD
		9UE
		9VC
		9VD
		9VE
		9WC
		9WD
		9XC
		9XD
		9XE
		9YC
		9YD
		9YE
		A
		A1
		AA
		AA1
		AAAP
		AABA
		AABA1
		AAC
		AACC
		AACH
		AACQ
		AAD
		AADI
		AAE
		AAGR1
		AAIC
		AAL
		AAL1
		AAL2
		AAMRQ
		AAN
		AAOI
		AAON
		AAON1
		AAP
		AAPB
		AAPD
		AAPL
		AAPL7
		AAPU
		AAPX
		AAT
		AAU
		AAU1
		AAV
		AAVL
		AAVVF
		AAWW
		AAXJ
		AAXN
		AB
		ABAT
		ABAX
		ABB
		ABB1
		ABBNY
		ABBV
		ABBV1
		ABC
		ABCB
		ABCB1
		ABCL
		ABCM
		ABCO
		ABD
		ABDC
		ABEO
		ABEO1
		ABEV
		ABEV1
		ABFS
		ABG
		ABIO
		ABKFQ
		ABLX
		ABM
		ABMD
		ABNB
		ABOS
		ABR
		ABR1
		ABSI
		ABST
		ABT
		ABT1
		ABTL
		ABTS
		ABTX
		ABUS
		ABV
		ABVT
		ABX
		ABY
		ACA
		ACAC
		ACAD
		ACAS
		ACAT
		ACB
		ACB1
		ACC
		ACCD
		ACCL
		ACCO
		ACD
		ACDC
		ACE
		ACEL
		ACER
		ACES
		ACET
		ACET1
		ACETQ
		ACEV
		ACFN
		ACGL
		ACGN1
		ACH
		ACHC
		ACHHY
		ACHI
		ACHN
		ACHR
		ACHV
		ACHV1
		ACI
		ACI1
		ACIA
		ACIC
		ACIIQ
		ACIQ1
		ACIU
		ACIW
		ACIW1
		ACLS
		ACLS1
		ACLX
		ACM
		ACM1
		ACMP
		ACMP1
		ACMR
		ACN
		ACNB
		ACNT
		ACO
		ACOM
		ACOR
		ACOR1
		ACPW
		ACR
		ACR1
		ACRE
		ACRS
		ACRX
		ACRX1
		ACSF
		ACSF1
		ACT
		ACT1
		ACT2
		ACT3
		ACTA
		ACTA1
		ACTC
		ACTG
		ACTV
		ACUR
		ACUR1
		ACVA
		ACW
		ACWI
		ACWV
		ACWX
		ACXM
		ACXP
		ADAP
		ADAP1
		ADBE
		ADC
		ADCT
		ADD
		ADEA
		ADEA1
		ADEP
		ADES
		ADGI
		ADHD
		ADI
		ADI1
		ADIL
		ADIL1
		ADK
		ADM
		ADMA
		ADMP
		ADMP1
		ADMS
		ADN
		ADNC
		ADNT
		ADP
		ADP1
		ADPT
		ADPTQ
		ADRO
		ADRO1
		ADS
		ADS1
		ADSK
		ADSW
		ADT
		ADTN
		ADTX
		ADTX1
		ADUS
		ADV
		ADVM
		ADVS
		ADXS
		ADXS1
		ADY
		AEC
		AEE
		AEG
		AEGN
		AEGR
		AEHR
		AEIS
		AEL
		AEM
		AEM1
		AEMD
		AEMD1
		AEO
		AEP
		AER
		AERI
		AERL
		AERL1
		AES
		AESI
		AET
		AET1
		AEVA
		AEYE
		AEZS
		AEZS1
		AF
		AFAM
		AFC
		AFCE
		AFCG
		AFCO
		AFD
		AFFX
		AFFY
		AFG
		AFH
		AFHIF
		AFI
		AFIB
		AFIIQ
		AFIN
		AFK
		AFL
		AFMD
		AFOP
		AFRM
		AFSI
		AFSI1
		AFTY
		AFYA
		AG
		AGC
		AGCB
		AGCO
		AGE
		AGEN
		AGEN1
		AGFS
		AGFY
		AGFY1
		AGG
		AGGY
		AGI
		AGI1
		AGI2
		AGII
		AGII1
		AGIO
		AGL
		AGLE
		AGLE1
		AGM
		AGN
		AGN1
		AGN2
		AGN3
		AGNC
		AGNG
		AGO
		AGP
		AGQ
		AGQ1
		AGR
		AGRI
		AGRI1
		AGRO
		AGRX
		AGRX1
		AGS
		AGTC
		AGTI
		AGU
		AGX
		AGYS
		AGZ
		AH
		AHAC
		AHC
		AHC1
		AHCO
		AHGP
		AHH
		AHL
		AHOY
		AHP
		AHS
		AHT
		AHT1
		AI
		AIA
		AIC
		AID
		AIEQ
		AIG
		AIG2
		AIIQ
		AIMC
		AIMT
		AIN
		AINV
		AINV1
		AIP
		AIQ
		AIQ1
		AIR
		AIRC
		AIRG
		AIRM
		AIRR
		AIRS
		AIS
		AIT
		AIV
		AIV1
		AIV2
		AIV3
		AIVI
		AIVL
		AIXG
		AIZ
		AJAX
		AJG
		AJRD
		AJRD1
		AJX
		AKA
		AKA1
		AKAM
		AKAO
		AKAOQ
		AKBA
		AKBA1
		AKCA
		AKE
		AKG
		AKLI
		AKR
		AKRO
		AKRX
		AKRXQ
		AKS
		AKTS
		AKUS
		AKYA
		AL
		ALB
		ALB1
		ALBO
		ALBO1
		ALC
		ALCC
		ALDR
		ALDW
		ALDX
		ALE
		ALEC
		ALEX
		ALEX1
		ALFA
		ALG
		ALGM
		ALGN
		ALGS
		ALGT
		ALHC
		ALIM
		ALIM1
		ALIT
		ALJ
		ALK
		ALKS
		ALKS1
		ALKT
		ALL
		ALLE
		ALLG
		ALLK
		ALLO
		ALLT
		ALLY
		ALNT
		ALNY
		ALOG
		ALPN
		ALPP
		ALPP1
		ALQA
		ALQA1
		ALR
		ALRM
		ALRS
		ALSK
		ALSN
		ALT
		ALT1
		ALT2
		ALTE
		ALTG
		ALTH
		ALTL
		ALTM
		ALTM1
		ALTO
		ALTR
		ALTU
		ALTY
		ALU
		ALUR
		ALUR1
		ALUS
		ALV
		ALV1
		ALVR
		ALVR1
		ALXA
		ALXA1
		ALXN
		ALXN1
		ALXO
		ALZN
		ALZN1
		AM
		AM1
		AMAG
		AMAL
		AMAM
		AMAT
		AMBA
		AMBC
		AMBP
		AMBR
		AMC
		AMC1
		AMC2
		AMCC
		AMCI
		AMCN
		AMCN1
		AMCR
		AMCR1
		AMCX
		AMD
		AMD1
		AMDY
		AME
		AME1
		AMED
		AMEH
		AMFW
		AMFW1
		AMG
		AMGN
		AMGP
		AMH
		AMH1
		AMID
		AMID1
		AMJ
		AMK
		AMKR
		AMLN
		AMLP
		AMLP1
		AMLX
		AMN
		AMNB
		AMOM
		AMOT
		AMOT1
		AMP
		AMPE
		AMPE1
		AMPH
		AMPL
		AMPS
		AMPX
		AMPY
		AMR
		AMRC
		AMRE
		AMRI
		AMRK
		AMRN
		AMRQQ
		AMRS
		AMRS1
		AMRSQ
		AMRX
		AMSC
		AMSC1
		AMSF
		AMSG
		AMSWA
		AMT
		AMTB
		AMTD
		AMTG
		AMTI
		AMTST
		AMTX
		AMV
		AMWD
		AMWL
		AMX
		AMX1
		AMX2
		AMYT
		AMYT1
		AMZA
		AMZA1
		AMZD
		AMZG
		AMZGQ
		AMZN
		AMZN7
		AMZU
		AMZY
		AN
		ANAB
		ANAC
		ANAD
		ANAT
		ANC
		AND
		ANDE
		ANDE1
		ANDV
		ANDV1
		ANDV2
		ANDX
		ANDX1
		ANEN
		ANET
		ANEW
		ANF
		ANFI
		ANGI
		ANGL
		ANGO
		ANH
		ANIK
		ANIP
		ANIP1
		ANIP2
		ANIX
		ANN
		ANNX
		ANPC
		ANPC1
		ANR
		ANR1
		ANRZ
		ANRZQ
		ANSS
		ANTE
		ANTE1
		ANTH
		ANTH1
		ANTM
		ANV
		ANVGQ
		ANVS
		ANW
		ANWWQ
		ANX
		ANY
		ANY1
		AOA
		AOBC
		AOBI
		AOBI1
		AOD
		AOE
		AOI
		AOI1
		AOL
		AOL1
		AOM
		AON
		AONE
		AONEQ
		AOR
		AORT
		AOS
		AOSL
		AOUT
		AP
		APA
		APAGF
		APAM
		APC
		APD
		APD1
		APDN
		APDN1
		APE
		APEI
		APEN
		APEN1
		APEX
		APEX1
		APFH
		APG
		APGN
		APH
		APHA
		API
		APIC
		APKT
		APL
		APLD
		APLE
		APLP
		APLS
		APLT
		APLY
		APO
		APO1
		APOG
		APOL
		APP
		APPCQ
		APPF
		APPH
		APPHQ
		APPN
		APPS
		APPY
		APPY1
		APQ
		APR
		APRE
		APRE1
		APRI
		APRI1
		APRN
		APRN1
		APSG
		APT
		APTI
		APTO
		APTO1
		APTS
		APTV
		APTV1
		APTX
		APU
		APVO
		APVO1
		APWR
		APXT
		APY
		APYX
		AQB
		AQB1
		AQC
		AQD
		AQE
		AQGX
		AQMS
		AQN
		AQST
		AQUA
		AQWA
		AQXP
		AR
		ARA
		ARAV
		ARAV1
		ARAY
		ARB
		ARBA
		ARBE
		ARBK
		ARC
		ARCB
		ARCC
		ARCC1
		ARCE
		ARCH
		ARCO
		ARCO1
		ARCP
		ARCP1
		ARCT
		ARCT1
		ARCW
		ARD
		ARDM
		ARDMQ
		ARDS
		ARDX
		ARE
		AREC
		AREN
		ARES
		AREX
		AREXQ
		ARG
		ARGN
		ARGO
		ARGS
		ARGS1
		ARGT
		ARGX
		ARHS
		ARI
		ARI1
		ARIA
		ARII
		ARIS
		ARKF
		ARKG
		ARKK
		ARKO
		ARKQ
		ARKW
		ARKX
		ARLO
		ARLP
		ARLP1
		ARLZ
		ARLZQ
		ARM
		ARMH
		ARMK
		ARMK1
		ARMP
		ARNA
		ARNA1
		ARNC
		ARNC1
		ARNC2
		ARO
		AROC
		AROC1
		AROP
		AROPQ
		AROW
		AROW1
		ARP
		ARPI
		ARPJ
		ARQ
		ARQL
		ARQQ
		ARQT
		ARR
		ARR1
		ARRS
		ARRY
		ARSD
		ART
		ARTC
		ARTNA
		ARTX
		ARUN
		ARVL
		ARVL1
		ARVLF
		ARVN
		ARVR
		ARW
		ARWR
		ARX
		ARYA
		ASA
		ASAI
		ASAN
		ASAP
		ASAP1
		ASB
		ASB1
		ASBC
		ASC
		ASCA
		ASCMA
		ASE
		ASEA
		ASEI
		ASFI
		ASFI1
		ASGN
		ASH
		ASH1
		ASHR
		ASHS
		ASHX
		ASIA
		ASIX
		ASLE
		ASLN
		ASLN1
		ASMB
		ASMB1
		ASMI
		ASMI1
		ASMIY
		ASML
		ASML1
		ASML2
		ASNA
		ASNA1
		ASNAQ
		ASND
		ASO
		ASPL
		ASPN
		ASPS
		ASPS1
		ASPU
		ASPX
		ASPY
		ASR
		ASR1
		ASRT
		ASRT1
		ASRV
		AST
		AST1
		ASTC
		ASTC1
		ASTE
		ASTI
		ASTI1
		ASTL
		ASTM
		ASTM1
		ASTR
		ASTR1
		ASTS
		ASTX
		ASUR
		ASX
		ASX1
		ASXC
		ASYS
		AT
		ATAC
		ATAI
		ATAX
		ATAX1
		ATAX2
		ATC
		ATCO
		ATCX
		ATEC
		ATEC1
		ATEN
		ATER
		ATEST
		ATEX
		ATGE
		ATH
		ATHA
		ATHL
		ATHM
		ATHN
		ATHX
		ATHX1
		ATHXQ
		ATI
		ATIP
		ATIP1
		ATK
		ATKR
		ATLC
		ATLO
		ATLS
		ATLS1
		ATLX
		ATMI
		ATML
		ATMP
		ATMR
		ATMU
		ATNF
		ATNF1
		ATNI
		ATNM
		ATNM1
		ATNX
		ATNX1
		ATO
		ATOM
		ATOS
		ATPAQ
		ATPG
		ATR
		ATRA
		ATRC
		ATRO
		ATRO1
		ATRS
		ATS
		ATSG
		ATTU
		ATU
		ATUS
		ATV
		ATVI
		ATW
		ATX
		ATXA1
		ATXS
		ATXS1
		ATY
		AU
		AUB
		AUD
		AUDA
		AUDA1
		AUDC
		AUE
		AUGX
		AULT
		AULT1
		AUM
		AUMN
		AUMN1
		AUO
		AUOTY
		AUPH
		AUQ
		AUQ1
		AUR
		AURA
		AUS
		AUTH
		AUTL
		AUTO
		AUX
		AUXL
		AUY
		AUY1
		AVA
		AVAH
		AVAN
		AVAV
		AVB
		AVCT
		AVCT1
		AVD
		AVDE
		AVDL
		AVDV
		AVDX
		AVE
		AVEM
		AVEO
		AVEO1
		AVG
		AVGO
		AVGO1
		AVGR
		AVGTF
		AVH
		AVHI
		AVHOQ
		AVID
		AVIR
		AVIV
		AVL
		AVLNF
		AVLR
		AVLV
		AVNR
		AVNS
		AVNT
		AVNW
		AVO
		AVP
		AVPT
		AVRE
		AVRO
		AVSPY
		AVT
		AVTA
		AVTR
		AVTX
		AVTX1
		AVUS
		AVUV
		AVX
		AVXL
		AVXS
		AVY
		AVYA
		AVYAQ
		AWAY
		AWC
		AWCMY
		AWD
		AWH
		AWH1
		AWHHF
		AWI
		AWI1
		AWK
		AWR
		AWRE
		AWYX
		AX
		AXAS
		AXAS1
		AXDX
		AXDX1
		AXE
		AXGN
		AXGT
		AXGT1
		AXL
		AXL1
		AXLA
		AXLA1
		AXLL
		AXNX
		AXON
		AXP
		AXS
		AXSM
		AXTA
		AXTI
		AXU
		AY
		AYA
		AYD
		AYI
		AYR
		AYRO
		AYRO1
		AYTU
		AYTU1
		AYX
		AZC
		AZEK
		AZK
		AZN
		AZN1
		AZO
		AZPN
		AZPN1
		AZQ
		AZRE
		AZTA
		AZUL
		AZUR
		AZZ
		B
		BA
		BAA
		BAA1
		BAB
		BABA
		BABX
		BABY
		BAC
		BACD
		BAD
		BAGL
		BAH
		BAH1
		BAK
		BAL
		BALB
		BALL
		BALT
		BALTF
		BALY
		BAM
		BAM1
		BAM2
		BAM3
		BAMM
		BAMR
		BAMR1
		BANC
		BANC1
		BAND
		BANF
		BANR
		BANX
		BAP
		BAP1
		BARK
		BAS
		BAS1
		BASE
		BASX
		BATRA
		BATRK
		BATS
		BATT
		BAX
		BAX1
		BAXS
		BAXSQ
		BB
		BBAI
		BBAR
		BBAX
		BBAX1
		BBBY
		BBBYQ
		BBC
		BBCA
		BBCA1
		BBCN
		BBCN1
		BBCP
		BBD
		BBD1
		BBD2
		BBD3
		BBD4
		BBDC
		BBDC1
		BBE
		BBEP
		BBEP1
		BBEPQ
		BBEU
		BBEU1
		BBG
		BBH
		BBHYL
		BBI1
		BBIG
		BBIG1
		BBIG2
		BBIN
		BBIO
		BBIO1
		BBJP
		BBJP1
		BBL
		BBL1
		BBMC
		BBOX
		BBP
		BBRG
		BBRY
		BBSI
		BBT
		BBT1
		BBU
		BBU1
		BBUC
		BBUS
		BBVA
		BBW
		BBW1
		BBWI
		BBWI1
		BBX
		BBY
		BC
		BCAB
		BCBP
		BCC
		BCD
		BCDA
		BCE
		BCEI
		BCEI1
		BCEL
		BCH
		BCI
		BCIM
		BCLI
		BCM
		BCML
		BCO
		BCOR
		BCOV
		BCPC
		BCR
		BCRX
		BCS
		BCS1
		BCSF
		BCSF1
		BCTX
		BCTX1
		BCYC
		BDAT
		BDBD
		BDC
		BDCV
		BDD
		BDE
		BDGE
		BDN
		BDRY
		BDSI
		BDSX
		BDTX
		BDX
		BDX1
		BE
		BEAM
		BEAM1
		BEAT
		BEAV
		BEAV1
		BEBE
		BEBE1
		BEC
		BECN
		BED
		BEDZ
		BEE
		BEEM
		BEKE
		BEL
		BELFB
		BEN
		BENE
		BEP
		BEPC
		BEPC1
		BEPC2
		BERY
		BEST
		BEST1
		BETR
		BETZ
		BFA
		BFA1
		BFAM
		BFB
		BFB1
		BFE
		BFH
		BFH1
		BFI
		BFIN
		BFIT
		BFIX
		BFLY
		BFOR
		BFR
		BFRI
		BFRI1
		BFS
		BFST
		BFT
		BFTR
		BFX
		BFYT
		BG
		BGC
		BGCP
		BGCP1
		BGFV
		BGG
		BGGSQ
		BGNE
		BGRY
		BGS
		BGSF
		BGU
		BGXX
		BGZ
		BGZ1
		BHB
		BHBK
		BHC
		BHD
		BHE
		BHF
		BHG
		BHG1
		BHGE
		BHGE1
		BHI
		BHIL
		BHLB
		BHM1
		BHP
		BHP1
		BHR
		BHR1
		BHVN
		BHVN1
		BIB
		BIBL
		BID
		BID1
		BIDU
		BIDZ
		BIG
		BIGB
		BIGC
		BIGT
		BIIB
		BIIB1
		BIL
		BIL1
		BILI
		BILL
		BILS
		BIN
		BIND
		BINDQ
		BIO
		BIOA
		BIOC
		BIOC1
		BIOD
		BIOD1
		BIOL
		BIOR
		BIOR1
		BIOS
		BIOX
		BIP
		BIP1
		BIPC
		BIPC1
		BIRD
		BIRK
		BIRT
		BIS
		BIS1
		BITA
		BITE
		BITF
		BITI
		BITO
		BITQ
		BITS
		BITS1
		BITX
		BIV
		BIVI
		BIVV
		BIZD
		BJ
		BJE
		BJK
		BJO
		BJRI
		BK
		BKCC
		BKCH
		BKCH1
		BKD
		BKD1
		BKE
		BKEP
		BKF
		BKFS
		BKH
		BKI
		BKKT
		BKLC
		BKLN
		BKMU
		BKNG
		BKR
		BKS
		BKS1
		BKSY
		BKU
		BKW
		BKX
		BKXPM
		BKYI
		BKYI1
		BL
		BLBD
		BLC
		BLCM
		BLCM1
		BLCN
		BLCO
		BLD
		BLDE
		BLDP
		BLDR
		BLDR1
		BLFS
		BLFY
		BLI
		BLK
		BLKB
		BLL
		BLMN
		BLND
		BLNK
		BLOK
		BLOX
		BLPH
		BLQ
		BLRX
		BLT
		BLTS
		BLU
		BLUE
		BLUE1
		BLV
		BLX
		BLZE
		BMA
		BMA1
		BMBL
		BMC
		BMCH
		BMD
		BMEA
		BMED
		BMI
		BMLP
		BMO
		BMR
		BMRA
		BMRC
		BMRG
		BMRN
		BMS
		BMTC
		BMTI
		BMTX
		BMY
		BMY1
		BN
		BN1
		BN2
		BNC
		BNCL
		BNCL1
		BNCN
		BND
		BNDD
		BNDX
		BNED
		BNFT
		BNGE
		BNGO
		BNGO1
		BNL
		BNMV
		BNMV1
		BNNY
		BNO
		BNRE
		BNRE1
		BNS
		BNTC
		BNTC1
		BNTX
		BNTX1
		BOAT
		BOBE
		BOC
		BOCH
		BOD
		BODY
		BODY1
		BOFI
		BOH
		BOIL
		BOIL1
		BOJA
		BOKF
		BOKF1
		BOLD
		BOLT
		BONA
		BOND
		BONT
		BONTQ
		BOOM
		BOOT
		BOQ
		BORN
		BORR
		BOSS
		BOTA
		BOTA1
		BOTZ
		BOWL
		BOWX
		BOX
		BOXD
		BOXDQ
		BP
		BP1
		BPAX
		BPAX1
		BPE
		BPFH
		BPI
		BPL
		BPMC
		BPMP
		BPO
		BPOP
		BPOP1
		BPR
		BPT
		BPTH
		BPX
		BPY
		BPY1
		BPYU
		BPZ
		BPZR
		BPZRQ
		BQ
		BQ1
		BQC
		BQD
		BR
		BRAG
		BRB
		BRBR
		BRBR1
		BRBS
		BRC
		BRCC
		BRCD
		BRCD1
		BRCM
		BRDG
		BRDR
		BRDS
		BRDS1
		BRDSQ
		BRE
		BREW
		BREZ
		BRF
		BRFS
		BRG
		BRKB
		BRKL
		BRKL1
		BRKMY
		BRKR
		BRKS
		BRKY
		BRLI
		BRLT
		BRMK
		BRO
		BROS
		BRP
		BRPM
		BRS
		BRSP
		BRSS
		BRSWQ
		BRT
		BRX
		BRY
		BRZE
		BRZS
		BRZU
		BRZU1
		BSAC
		BSAC1
		BSBR
		BSBR1
		BSCL
		BSDM
		BSEA
		BSET
		BSF
		BSFT
		BSGM
		BSGM1
		BSIG
		BSM
		BSMX
		BSN
		BSPE
		BSQR
		BSRR
		BSTI
		BSV
		BSVO
		BSX
		BSY
		BSZ
		BTAI
		BTAL
		BTAQ
		BTBT
		BTCM
		BTCM1
		BTCR
		BTCY
		BTCY1
		BTD
		BTE
		BTE1
		BTEGF
		BTEK
		BTEST
		BTF
		BTG
		BTH
		BTI
		BTI1
		BTN
		BTNB
		BTRS
		BTT
		BTTR
		BTTX
		BTU
		BTU1
		BTUQ1
		BTUUQ
		BTWN
		BTX
		BTX1
		BTX2
		BUD
		BUFF
		BUG
		BUR
		BURL
		BURU
		BUSE
		BUSE1
		BUYZ
		BUZZ
		BV
		BVD
		BVH
		BVN
		BVS
		BVS1
		BVX
		BVZ
		BW
		BW1
		BWA
		BWA1
		BWAC
		BWB
		BWC
		BWD
		BWEN
		BWEN1
		BWET
		BWINB
		BWLD
		BWMX
		BWP
		BWS
		BWX
		BWXT
		BWXT1
		BX
		BX1
		BXC
		BXE
		BXE1
		BXEF1
		BXEFF
		BXG
		BXLT
		BXMT
		BXMT1
		BXP
		BXRX
		BXRX1
		BXS
		BXSL
		BY
		BYC
		BYD
		BYFC
		BYFC1
		BYI
		BYND
		BYOB
		BYON
		BYRN
		BYSI
		BYTE
		BZ
		BZF
		BZFD
		BZH
		BZH1
		BZJ
		BZQ
		BZQ1
		BZUN
		C
		C1
		CA
		CAA
		CAA1
		CAA2
		CAAP
		CAAS
		CAB
		CABA
		CAC
		CAC1
		CACB
		CACB1
		CACC
		CACH
		CACHQ
		CACI
		CACQ
		CADE
		CADE1
		CADX
		CAE
		CAF
		CAFD
		CAG
		CAG1
		CAGC
		CAH
		CAI
		CAJ
		CAJPY
		CAK
		CAK1
		CAKE
		CAL
		CALA
		CALA1
		CALC1
		CALD
		CALF
		CALL
		CALM
		CALT
		CALX
		CAM
		CAMP
		CAMP1
		CAMT
		CAN
		CANE
		CANF
		CANF1
		CANO
		CANO1
		CAP
		CAPA
		CAPD
		CAPE
		CAPL
		CAPR
		CAR
		CARA
		CARB
		CARE
		CARG
		CARM1
		CARR
		CARS
		CART
		CARZ
		CAS
		CASA
		CASC
		CASC1
		CASH
		CASI
		CASL
		CASS
		CASS1
		CAST
		CASY
		CAT
		CATB
		CATB1
		CATC
		CATH
		CATM
		CATO
		CATS
		CATY
		CAVA
		CAVM
		CAVM1
		CB
		CB1
		CBAH
		CBAK
		CBAK1
		CBAN
		CBAT
		CBAY
		CBB
		CBB1
		CBD
		CBD1
		CBE
		CBEY
		CBF
		CBG
		CBI
		CBI1
		CBIO
		CBIO1
		CBK
		CBKC
		CBL
		CBLAQ
		CBLI
		CBLI1
		CBLK
		CBM
		CBMG
		CBNK
		CBO
		CBOE
		CBOE1
		CBOU
		CBPO
		CBPX
		CBR
		CBRE
		CBRL
		CBRX
		CBRX1
		CBS
		CBSA
		CBSH
		CBSH1
		CBSO
		CBSO1
		CBST
		CBT
		CBU
		CBUS
		CBUS1
		CBX
		CBZ
		CC
		CCAC
		CCAP
		CCAP1
		CCB
		CCBG
		CCC
		CCCC
		CCCS
		CCD
		CCE
		CCE1
		CCEP
		CCF
		CCG
		CCH
		CCI
		CCIH
		CCIV
		CCIX
		CCJ
		CCK
		CCL
		CCLD
		CCLP
		CCM
		CCM1
		CCME
		CCMP
		CCMP1
		CCNE
		CCO
		CCO1
		CCOI
		CCOR
		CCP
		CCRN
		CCRT
		CCRV
		CCS
		CCSI
		CCT
		CCU
		CCUR
		CCV
		CCX
		CCXI
		CCXX
		CD
		CDAK
		CDAKQ
		CDAY
		CDC
		CDD
		CDE
		CDE1
		CDEI
		CDEV
		CDI
		CDK
		CDL
		CDLX
		CDMO
		CDMO1
		CDNA
		CDNS
		CDP
		CDR
		CDR1
		CDRE
		CDTX
		CDVI
		CDVIQ
		CDW
		CDXC
		CDXS
		CDZI
		CE
		CEB
		CEC
		CECE
		CECE1
		CECO
		CEDC
		CEDCQ
		CEG
		CEI
		CEI1
		CEIX
		CEL
		CELC
		CELG
		CELH
		CELJF
		CELL
		CELU
		CEMB
		CEMI
		CEMP
		CENN
		CENN1
		CENT
		CENT1
		CENT2
		CENTA
		CENX
		CEO
		CEP
		CEPU
		CEPU1
		CEPU2
		CEQP
		CEQP1
		CEQP2
		CERC
		CERC1
		CERE
		CERN
		CERP
		CERS
		CERT
		CERU
		CETC
		CETC1
		CETV
		CEVA
		CEW
		CF
		CFA
		CFAC
		CFB
		CFFN
		CFG
		CFG1
		CFI
		CFII
		CFLT
		CFMS
		CFN
		CFNL
		CFO
		CFR
		CFRX
		CFRX1
		CFT
		CFTST
		CFVI
		CFX
		CG
		CGA
		CGA1
		CGAU
		CGBD
		CGC
		CGC1
		CGDV
		CGEM
		CGEN
		CGG
		CGG1
		CGGR
		CGI
		CGIP
		CGIX
		CGIX1
		CGNT
		CGNT1
		CGNX
		CGRN
		CGRNQ
		CGRO
		CGRQ1
		CGUS
		CGV
		CGW
		CGX
		CHAD
		CHAP
		CHAPQ
		CHAT
		CHAU
		CHB
		CHBT
		CHCO
		CHCT
		CHD
		CHDN
		CHDX
		CHE
		CHEF
		CHFC
		CHFC1
		CHFN
		CHFS1
		CHGG
		CHGS
		CHGX
		CHH
		CHIC
		CHIE
		CHIH
		CHII
		CHIK
		CHIM
		CHIQ
		CHIR
		CHIR1
		CHIS
		CHIU
		CHIX
		CHK
		CHK1
		CHKA1
		CHKAQ
		CHKE
		CHKM
		CHKP
		CHKR
		CHL
		CHL1
		CHLN
		CHLN1
		CHMA
		CHMI
		CHMT
		CHNG
		CHOP
		CHOP1
		CHPQ1
		CHPT
		CHRA
		CHRA1
		CHRD
		CHRD1
		CHRD2
		CHRS
		CHRS1
		CHRW
		CHS
		CHSI
		CHSP
		CHT
		CHTP
		CHTR
		CHTR1
		CHTR2
		CHU
		CHUBK
		CHUY
		CHWY
		CHX
		CI
		CI1
		CIA
		CIB
		CIB1
		CIBR
		CIE
		CIE1
		CIEI
		CIEI1
		CIEIQ
		CIEN
		CIEN1
		CIEQ1
		CIFR
		CIG
		CIG1
		CIG2
		CIGI
		CIGX
		CIIC
		CIM
		CIM1
		CIMT
		CINC
		CINF
		CINT
		CIO
		CION
		CIR
		CIS
		CISG
		CISN
		CISO
		CIT
		CITD
		CIU
		CIVB
		CIVI
		CIVI1
		CIXX
		CIXXF
		CJ
		CJES
		CJESQ
		CKD
		CKEC
		CKH
		CKH1
		CKH2
		CKP
		CKPT
		CKPT1
		CKSW
		CL
		CLA
		CLAR
		CLB
		CLBK
		CLBR
		CLBS
		CLBS1
		CLBT
		CLC
		CLCD
		CLCT
		CLD
		CLDL
		CLDN
		CLDP
		CLDPQ
		CLDR
		CLDR1
		CLDS
		CLDT
		CLDX
		CLDX1
		CLF
		CLF1
		CLFD
		CLGN
		CLGX
		CLH
		CLI
		CLII
		CLIR
		CLIX
		CLLS
		CLMS
		CLMT
		CLNC
		CLNE
		CLNN
		CLNS
		CLNS1
		CLNS2
		CLNS3
		CLNS4
		CLNY
		CLOU
		CLOV
		CLP
		CLPR
		CLPS
		CLPT
		CLR
		CLRB
		CLS
		CLSA
		CLSC
		CLSD
		CLSK
		CLSN
		CLSN1
		CLUB
		CLUBQ
		CLVR
		CLVR1
		CLVS
		CLVSQ
		CLVT
		CLW
		CLWR
		CLX
		CLXT
		CLXT1
		CLY
		CM
		CM1
		CMA
		CMAX
		CMAX1
		CMBM
		CMBS
		CMC
		CMCL
		CMCM
		CMCM1
		CMCO
		CMCSA
		CMCSK
		CMCT
		CMD
		CMDY
		CME
		CMEDQ
		CMEDY
		CMF
		CMFN
		CMFO
		CMG
		CMGE
		CMI
		CMLF
		CMLP
		CMLP1
		CMLS
		CMLS1
		CMLSQ
		CMLT
		CMN
		CMN1
		CMO
		CMP
		CMPO
		CMPR
		CMPS
		CMRE
		CMRG
		CMRX
		CMS
		CMTG
		CMTL
		CMVT
		CMVT1
		CN
		CNA
		CNAT
		CNBS
		CNC
		CNC1
		CNCE
		CND
		CNDA
		CNDO
		CNDT
		CNE
		CNEP
		CNET
		CNET1
		CNH
		CNHI
		CNHI1
		CNI
		CNIT
		CNIT1
		CNK
		CNL
		CNM
		CNMD
		CNNE
		CNNX
		CNO
		CNOB
		CNP
		CNQ
		CNQ1
		CNQR
		CNR
		CNRG
		CNS
		CNSI
		CNSL
		CNSL1
		CNST
		CNTA
		CNTB
		CNTTQ
		CNTY
		CNV
		CNVR
		CNVY
		CNW
		CNX
		CNX1
		CNXC
		CNXM
		CNXN
		CNXT
		CNYA
		CO
		COB
		COBZ
		COC
		COCO
		COCOQ
		COD
		CODE
		CODI
		CODX
		COE
		COF
		COG
		COG1
		COGO
		COGT
		COGT1
		COH
		COHR
		COHR1
		COHU
		COHU1
		COIN
		COL
		COL1
		COLB
		COLB1
		COLD
		COLE
		COLL
		COLM
		COM
		COMB
		COMM
		COMP
		COMS
		COMS1
		COMT
		CONE
		CONL
		CONN
		CONX
		CONY
		COO
		COOK
		COOL
		COOL1
		COOP
		COOP1
		COP
		COP1
		COPX
		COQ
		COR
		CORE
		CORI
		CORN
		CORQ1
		CORR
		CORR1
		CORT
		CORV
		CORZ
		CORZQ
		COSM
		COST
		COT
		COTV
		COTY
		COUP
		COUR
		COV
		COV1
		COW
		COWB
		COWN
		COWN1
		COWS
		COWTF
		COWZ
		CP
		CP1
		CPA
		CPAA
		CPB
		CPC
		CPD
		CPE
		CPE1
		CPE2
		CPER
		CPF
		CPG
		CPGX
		CPHD
		CPII
		CPIX
		CPK
		CPL
		CPL1
		CPLA
		CPLG
		CPLG1
		CPLP
		CPLP1
		CPN
		CPNG
		CPNO
		CPO
		CPPL
		CPPRQ
		CPRI
		CPRT
		CPRX
		CPS
		CPSH
		CPSI
		CPSL
		CPSL1
		CPSS
		CPST
		CPT
		CPTA
		CPTA1
		CPTS
		CPUH
		CPWM
		CPWR
		CPWR1
		CPXX
		CQB
		CQC
		CQH
		CQP
		CQQQ
		CR
		CRAI
		CRAK
		CRAY
		CRBC
		CRBG
		CRBN
		CRBP
		CRBP1
		CRBQ
		CRBU
		CRC
		CRC1
		CRCM
		CRCQQ
		CRCT
		CRDA
		CRDC
		CRDC1
		CRDF
		CRDL
		CRDN
		CRDO
		CRE
		CRED
		CREE
		CREG
		CREG1
		CRES1
		CRES2
		CRESY
		CRGE
		CRGY
		CRGY1
		CRH
		CRHC
		CRI
		CRIS
		CRIS1
		CRIT
		CRK
		CRK1
		CRL
		CRM
		CRM1
		CRM2
		CRMD
		CRMD1
		CRME
		CRME1
		CRMT
		CRNC
		CRNT
		CRNX
		CROC
		CRON
		CROP
		CROX
		CRPT
		CRR
		CRRC
		CRRCF
		CRRT
		CRRTQ
		CRS
		CRSA
		CRSP
		CRSR
		CRTD
		CRTO
		CRTX
		CRU
		CRUS
		CRUZ
		CRVL
		CRVS
		CRWD
		CRWN
		CRWS
		CRY
		CRYP
		CRZO
		CS
		CSAL
		CSAN1
		CSB
		CSBK
		CSBR
		CSC
		CSC1
		CSCD
		CSCO
		CSD
		CSE
		CSFL
		CSFL1
		CSG
		CSGP
		CSGP1
		CSGS
		CSH
		CSH1
		CSHZ
		CSII
		CSIQ
		CSJ
		CSKI
		CSL
		CSLT
		CSM
		CSOD
		CSPR
		CSR
		CSRA
		CSRE
		CSSE
		CSSE1
		CST
		CSTE
		CSTE1
		CSTL
		CSTM
		CSTR
		CSU
		CSU1
		CSUN
		CSUN1
		CSUNY
		CSV
		CSWC
		CSWI
		CSX
		CT
		CTAS
		CTB
		CTBI
		CTCM
		CTCT
		CTEC
		CTEL
		CTEL1
		CTEST
		CTEX
		CTFO
		CTG
		CTGX
		CTHR
		CTIC
		CTIC1
		CTKB
		CTL
		CTL1
		CTLP
		CTLT
		CTMX
		CTO
		CTOS
		CTRA
		CTRA1
		CTRC
		CTRCQ
		CTRE
		CTRL
		CTRM
		CTRM1
		CTRN
		CTRP
		CTRX
		CTRX1
		CTS
		CTSH
		CTSO
		CTST
		CTT
		CTVA
		CTWS
		CTXR
		CTXS
		CTXS1
		CU
		CUB
		CUBE
		CUBI
		CUBI1
		CUC
		CUDA
		CUE
		CUI
		CUK
		CULP
		CUNB
		CUR
		CUR1
		CURE
		CURI
		CURO
		CURV
		CUT
		CUTR
		CUZ
		CUZ1
		CUZ2
		CVA
		CVAC
		CVBF
		CVC
		CVC1
		CVCO
		CVCY
		CVD
		CVE
		CVEO
		CVEO1
		CVET
		CVG
		CVGI
		CVGW
		CVH
		CVI
		CVI1
		CVIA
		CVIA1
		CVIAQ
		CVIE
		CVII
		CVLB
		CVLC
		CVLG
		CVLT
		CVM
		CVMC
		CVNA
		CVO
		CVO1
		CVRR
		CVRX
		CVS
		CVS1
		CVSE
		CVT
		CVTI
		CVU
		CVVT
		CVX
		CVX1
		CVX2
		CVY
		CW
		CWAN
		CWB
		CWCO
		CWEB
		CWEB1
		CWEN
		CWENA
		CWH
		CWI
		CWI1
		CWK
		CWS
		CWST
		CWT
		CWTR
		CWTR1
		CWTRQ
		CX
		CX1
		CX2
		CX3
		CX4
		CXDC
		CXDO
		CXM
		CXO
		CXO1
		CXP
		CXPO
		CXRX
		CXRXF
		CXS
		CXSE
		CXT
		CXT1
		CXW
		CXW1
		CY
		CY1
		CYB
		CYBE
		CYBR
		CYBX
		CYC
		CYCC
		CYCC1
		CYCN
		CYCN1
		CYD
		CYE
		CYH
		CYH1
		CYMI
		CYN
		CYN1
		CYNA
		CYNI
		CYNO
		CYNO1
		CYOU
		CYOU1
		CYRN
		CYRX
		CYS
		CYT
		CYTH1
		CYTK
		CYTO
		CYTO1
		CYTR
		CYTR1
		CYTX
		CYTX1
		CYXT
		CYXTQ
		CZNC
		CZOO
		CZOO1
		CZR
		CZR1
		CZZ
		D
		D1
		D2
		DAC
		DAD
		DADA
		DAIO
		DAKT
		DAL
		DALN1
		DAM
		DAN
		DANG
		DAO
		DAPP
		DAR
		DARA
		DARE1
		DASH
		DAT
		DATA
		DATE
		DATE1
		DAVA
		DAVE
		DAVE1
		DAWN
		DAX
		DAY
		DB
		DB1
		DBA
		DBB
		DBC
		DBD
		DBDQQ
		DBE
		DBEF
		DBEM
		DBEU
		DBI
		DBJP
		DBLE
		DBMF
		DBO
		DBP
		DBRG
		DBRG1
		DBS
		DBTX
		DBV
		DBVT
		DBX
		DC
		DCBO
		DCE
		DCFC
		DCGO
		DCI
		DCIX
		DCIX1
		DCM
		DCMYY
		DCO
		DCOM
		DCOM1
		DCP
		DCPH
		DCRB
		DCRC
		DCT
		DCT1
		DCTH
		DCTH1
		DD
		DD1
		DD2
		DDC
		DDD
		DDD1
		DDG
		DDL
		DDLS
		DDM
		DDMG
		DDMGQ
		DDOG
		DDR
		DDR1
		DDR2
		DDS
		DDS1
		DDWM
		DE
		DEA
		DEAC
		DECK
		DEE
		DEEP
		DEER
		DEF
		DEG
		DEH
		DEI
		DEL
		DELL
		DELL1
		DEM
		DEN
		DENN
		DEO
		DEPO
		DERM
		DES
		DESK
		DESP
		DEST
		DEUS
		DEW
		DEXO
		DF
		DF1
		DF2
		DFAC
		DFAI
		DFAR
		DFAS
		DFAT
		DFAU
		DFAX
		DFBG
		DFC
		DFD
		DFE
		DFEN
		DFGR
		DFH
		DFIC
		DFIN
		DFIP
		DFIS
		DFIV
		DFJ
		DFLI
		DFLV
		DFNL
		DFNS
		DFODQ
		DFRG
		DFS
		DFSU
		DFSV
		DFT
		DFUS
		DFUV
		DFVL
		DFVS
		DFZ
		DG
		DGC
		DGI
		DGICA
		DGII
		DGIN
		DGIT
		DGL
		DGLY
		DGLY1
		DGNR
		DGNS
		DGRO
		DGRS
		DGRW
		DGS
		DGT
		DGWIY
		DGX
		DH
		DHC
		DHC1
		DHCP1
		DHD
		DHI
		DHOXQ
		DHR
		DHR1
		DHS
		DHT
		DHT1
		DHX
		DIA
		DIBS
		DIC
		DICE
		DIDI
		DIDIY
		DIE
		DIG
		DIG1
		DIHP
		DIN
		DINO
		DINO1
		DIOD
		DIS
		DIS1
		DIS2
		DISC1
		DISCA
		DISCK
		DISH
		DISH1
		DISO
		DISV
		DIV
		DIVB
		DIVI
		DIVO
		DJD
		DJIA
		DJP
		DJX
		DK
		DK1
		DKC
		DKL
		DKNG
		DKNG1
		DKS
		DKS1
		DL
		DL1
		DLB
		DLHC
		DLLR
		DLN
		DLNG
		DLO
		DLPH
		DLPN
		DLR
		DLR1
		DLS
		DLTH
		DLTR
		DLTR1
		DLX
		DM
		DM1
		DMAC
		DMAT
		DMB
		DMC
		DMD
		DMD1
		DMK1
		DMLP
		DMND
		DMQ
		DMRC
		DMTK
		DMYD
		DMYI
		DMYQ
		DMYT
		DNA
		DNA1
		DNAA
		DNAY
		DNB
		DND
		DNDN
		DNDNQ
		DNKN
		DNL
		DNLI
		DNMR
		DNN
		DNN1
		DNO
		DNOW
		DNR
		DNRCQ
		DNTH1
		DNUT
		DO
		DOC
		DOCN
		DOCS
		DOCU
		DOD
		DOFQ1
		DOFSQ
		DOG
		DOG1
		DOGZ
		DOGZ1
		DOL
		DOLE
		DOLN
		DOLNQ
		DOM
		DOMA
		DOMA1
		DOMO
		DON
		DOOO
		DOOR
		DORM
		DOUG
		DOUG1
		DOV
		DOV1
		DOVA
		DOW
		DOX
		DOYU
		DOZR
		DPC
		DPHC
		DPK
		DPK1
		DPLO
		DPM
		DPRO
		DPS
		DPST
		DPST1
		DPTRQ
		DPW
		DPW1
		DPZ
		DQ
		DQ1
		DQC
		DRAD
		DRAD1
		DRC
		DRCO
		DRD
		DRE
		DRH
		DRI
		DRI1
		DRII
		DRIO
		DRIP
		DRIP1
		DRIP2
		DRIV
		DRLL
		DRN
		DRNA
		DRQ
		DRRX
		DRRX1
		DRS
		DRSK
		DRTF1
		DRTT
		DRTTF
		DRTX
		DRUP
		DRV
		DRV1
		DRVN
		DRW
		DRWI
		DRWI1
		DRYS
		DRYS1
		DRYS2
		DS
		DSC
		DSCI
		DSCK1
		DSCO
		DSCO1
		DSE
		DSEY
		DSGN
		DSGR
		DSGX
		DSHK
		DSI
		DSKE
		DSKY
		DSL
		DSP
		DSPC
		DSPG
		DSS
		DSS1
		DSSI
		DST
		DSTL
		DSW
		DSX
		DSX1
		DSX2
		DSX3
		DSX4
		DT
		DTC
		DTD
		DTE
		DTE1
		DTEA
		DTEAF
		DTEC
		DTG
		DTGF
		DTH
		DTIL
		DTIL1
		DTLK
		DTM
		DTN
		DTOX
		DTSI
		DTV
		DUBS
		DUC
		DUD
		DUDE
		DUF
		DUG
		DUG1
		DUHP
		DUK
		DUK1
		DUK2
		DUOL
		DURA
		DUSA
		DUSL
		DUST
		DUST1
		DUST2
		DV
		DVA
		DVAX
		DVAX1
		DVD
		DVMT
		DVMT1
		DVN
		DVN1
		DVOL
		DVR
		DVY
		DVYE
		DW
		DWA
		DWAC
		DWAS
		DWC
		DWCH
		DWD
		DWDP
		DWDP1
		DWM
		DWRE
		DWSN
		DWSN1
		DWSN2
		DWX
		DX
		DX1
		DXC
		DXC1
		DXCM
		DXD
		DXD1
		DXE
		DXJ
		DXJS
		DXLG
		DXM
		DXM1
		DXM2
		DXPE
		DXTR
		DXTR1
		DXYN
		DY
		DYAI
		DYAX
		DYLG
		DYN
		DYN1
		DYNIQ
		DZK
		DZSI
		DZSI1
		E
		EA
		EAF
		EAFEQ
		EAGG
		EAR
		EAR1
		EARN
		EARS
		EAST
		EAST1
		EAT
		EATV
		EATZ
		EB
		EBAY
		EBAY1
		EBC
		EBET
		EBET1
		EBF
		EBIO
		EBIX
		EBIXQ
		EBIZ
		EBLU
		EBND
		EBON
		EBON1
		EBR
		EBRB
		EBRBY
		EBRYY
		EBS
		EBS1
		EBSB
		EBTC
		EC
		EC1
		EC2
		ECA
		ECA1
		ECH
		ECHO
		ECL
		ECLN
		ECNS
		ECOL
		ECOM
		ECON
		ECOW
		ECPG
		ECR
		ECT
		ECTE
		ECVT
		ECYT
		ED
		EDAP
		EDC
		EDC1
		EDE
		EDGE
		EDIT
		EDIV
		EDMC
		EDOC
		EDOW
		EDR
		EDR1
		EDU
		EDU1
		EDUT
		EDUT1
		EDV
		EDZ
		EDZ1
		EE
		EEB
		EEC
		EED
		EEFT
		EELV
		EEM
		EEMA
		EEMIQ
		EEMS
		EEMV
		EEMX
		EEP
		EEQ
		EES
		EET
		EETH
		EEV
		EEV1
		EEX
		EFA
		EFAS
		EFAV
		EFAX
		EFC
		EFC1
		EFG
		EFII
		EFO
		EFOI
		EFOI1
		EFQ
		EFSC
		EFTR
		EFTR1
		EFU
		EFU1
		EFUT
		EFV
		EFX
		EFXT
		EFXT1
		EFZ
		EG
		EGAN
		EGAS
		EGBN
		EGBN1
		EGC
		EGHT
		EGI
		EGI1
		EGIO
		EGL
		EGL1
		EGLE
		EGLE1
		EGLT
		EGLTQ
		EGLX
		EGLXF
		EGN
		EGO
		EGO1
		EGOV
		EGP
		EGRX
		EGY
		EGY1
		EH
		EHAB
		EHC
		EHC1
		EHD
		EHTH
		EID
		EIDO
		EIDX
		EIE
		EIG
		EIGI
		EIGR
		EIGR1
		EINC
		EINC1
		EIX
		EJ
		EJ1
		EJD
		EJE
		EKC
		EKDKQ
		EKE
		EKG
		EKSO
		EL
		ELA
		ELAN
		ELAN1
		ELD
		ELDN
		ELF
		ELGX
		ELGX1
		ELGXQ
		ELLI
		ELMD
		ELME
		ELMS
		ELMSQ
		ELN
		ELN1
		ELNK
		ELON
		ELON1
		ELOS
		ELOX
		ELOX1
		ELP
		ELP1
		ELRC
		ELS
		ELT
		ELTTY
		ELV
		ELVN
		ELVN1
		ELVT
		ELX
		ELY
		ELYS
		EMAN
		EMB
		EMBC
		EMBD
		EMBK
		EMBK1
		EMC
		EMCI
		EMD
		EME
		EMES
		EMESQ
		EMESZ
		EMFM
		EMFQ
		EMG
		EMGC
		EMGF
		EMKR
		EMKR1
		EMLC
		EMLC1
		EMLP
		EMMS
		EMMS1
		EMN
		EMN1
		EMQQ
		EMR
		EMTY
		EMWP
		EMWP1
		EMWPF
		EMX
		EMXC
		ENB
		ENB1
		ENB2
		ENB3
		ENB4
		ENBL
		END
		ENDP
		ENDP1
		ENDPQ
		ENDRQ
		ENE
		ENERQ
		ENFN
		ENFR
		ENG
		ENG1
		ENH
		ENH1
		ENI
		ENI1
		ENIA
		ENIA1
		ENIAY
		ENIC
		ENLC
		ENLC1
		ENLK
		ENLT
		ENLV
		ENOB
		ENOC
		ENOV
		ENOV1
		ENPH
		ENR
		ENRG
		ENS
		ENSC
		ENSC1
		ENSG
		ENSG1
		ENSV
		ENT
		ENT1
		ENTA
		ENTG
		ENTG1
		ENTL
		ENTR
		ENTX
		ENV
		ENV1
		ENVA
		ENVA1
		ENVB
		ENVB1
		ENVI
		ENVX
		ENZ
		ENZL
		ENZN
		ENZN1
		ENZY
		EOC
		EOCC
		EOCC1
		EOCCY
		EOG
		EOLS
		EOPN
		EOSE
		EOX
		EOX1
		EPAC
		EPAM
		EPAX
		EPAY
		EPB
		EPC
		EPC1
		EPD
		EPD1
		EPE
		EPEG
		EPEGQ
		EPHC
		EPHE
		EPHY
		EPI
		EPIQ
		EPIX
		EPL
		EPM
		EPOC
		EPOL
		EPP
		EPR
		EPRS
		EPRS1
		EPRSQ
		EPRT
		EPS
		EPSN
		EPU
		EPV
		EPV1
		EPX
		EPZM
		EQ
		EQAL
		EQBK
		EQC
		EQD
		EQE
		EQGP
		EQH
		EQIX
		EQIX1
		EQIX2
		EQL
		EQM
		EQM1
		EQNR
		EQNR1
		EQOS
		EQOSQ
		EQR
		EQRX
		EQT
		EQT1
		EQT2
		EQTY
		EQU
		EQWL
		EQX
		EQY
		ERA
		ERAS
		ERD
		ERF
		ERI
		ERI1
		ERIC
		ERIE
		ERII
		ERINQ
		ERJ
		ERLFF
		ERN
		ERN1
		ERNA1
		ERO
		EROC
		EROS
		ERT
		ERTH
		ERUS
		ERX
		ERX1
		ERY
		ERY1
		ERYP
		ES
		ESAB
		ESC
		ESCA
		ESCR
		ESCRQ
		ESD
		ESE
		ESEA
		ESEA1
		ESGC
		ESGC1
		ESGD
		ESGE
		ESGR
		ESGU
		ESI
		ESIC
		ESINQ
		ESIO
		ESL
		ESLT
		ESMT
		ESND
		ESNT
		ESPO
		ESPR
		ESRT
		ESRX
		ESRX1
		ESS
		ESS1
		ESSA
		ESSC
		ESTA
		ESTC
		ESTE
		ESV
		ESV1
		ESV2
		ESXB
		ET
		ET1
		ET2
		ETAC
		ETD
		ETE
		ETFC
		ETH
		ETM
		ETN
		ETN1
		ETNB
		ETON
		ETP
		ETP1
		ETP2
		ETQ
		ETR
		ETRM
		ETRM1
		ETRN
		ETRN1
		ETSY
		ETWO
		EU
		EUD
		EUE
		EUFN
		EUFX
		EUI
		EUM
		EUO
		EUR
		EURL
		EURN
		EURN1
		EUSA
		EUSC
		EUU
		EV
		EVA
		EVAV
		EVAV1
		EVAX
		EVAX1
		EVBG
		EVC
		EVCM
		EVDY
		EVE
		EVEIQ
		EVEP
		EVEPQ
		EVER
		EVEX
		EVFM
		EVFM1
		EVGN
		EVGO
		EVH
		EVHC
		EVHC1
		EVIX
		EVLO
		EVLO1
		EVLV
		EVMT
		EVOK
		EVOK1
		EVOL
		EVOP
		EVR
		EVRG
		EVRG1
		EVRI
		EVTC
		EVTL
		EVTV
		EVX
		EW
		EWA
		EWBC
		EWC
		EWCO
		EWCZ
		EWD
		EWEB
		EWEB1
		EWG
		EWGS
		EWH
		EWI
		EWI1
		EWJ
		EWJ1
		EWK
		EWL
		EWM
		EWM1
		EWMC
		EWN
		EWO
		EWP
		EWQ
		EWRE
		EWS
		EWS1
		EWT
		EWT1
		EWTX
		EWU
		EWU1
		EWUS
		EWV
		EWV1
		EWW
		EWX
		EWY
		EWZ
		EWZS
		EXA
		EXAC
		EXAI
		EXAM
		EXAR
		EXAS
		EXAS1
		EXBD
		EXC
		EXC1
		EXD
		EXE
		EXEL
		EXFY
		EXH
		EXI
		EXK
		EXL
		EXLP
		EXLS
		EXM
		EXMCF
		EXMCQ
		EXP
		EXPC
		EXPD
		EXPE
		EXPE1
		EXPI
		EXPO
		EXPR
		EXPR1
		EXR
		EXR1
		EXTN
		EXTR
		EXXI
		EXXI1
		EXXIQ
		EYC
		EYD
		EYE
		EYEN
		EYES
		EYES1
		EYPT
		EYPT1
		EZA
		EZCH
		EZJ
		EZM
		EZPW
		EZQ
		EZU
		F
		FA
		FAA
		FAANG
		FAB
		FAD
		FAE
		FAF
		FAII
		FALC
		FALN
		FAN
		FANG
		FANG1
		FANG2
		FANH
		FANH1
		FARM
		FARO
		FAS
		FAS1
		FAST
		FATE
		FATH
		FATH1
		FAZ
		FAZ1
		FAZ2
		FAZE
		FB
		FBC
		FBD
		FBHS
		FBIN
		FBIN1
		FBIO
		FBIO1
		FBIZ
		FBK
		FBK1
		FBL
		FBM
		FBMS
		FBN
		FBN1
		FBNC
		FBND
		FBNI
		FBNI1
		FBNK
		FBOT
		FBP
		FBR
		FBRC
		FBRC1
		FBRT
		FBRT1
		FBRX
		FBRX1
		FBT
		FBY
		FBZ
		FC
		FCA
		FCAC
		FCAU
		FCAU1
		FCAU2
		FCAU3
		FCB
		FCBC
		FCC
		FCD
		FCE
		FCEA
		FCEL
		FCEL1
		FCF
		FCFS
		FCFS1
		FCG
		FCG1
		FCH
		FCLD
		FCN
		FCNC1
		FCNCA
		FCOM
		FCPI
		FCPT
		FCPT1
		FCRD
		FCS
		FCSC
		FCSC1
		FCUV
		FCUV1
		FCX
		FCX1
		FDC
		FDD
		FDE
		FDEF
		FDHT
		FDIG
		FDIS
		FDL
		FDLO
		FDML
		FDML1
		FDMO
		FDMT
		FDN
		FDNI
		FDO
		FDP
		FDRR
		FDRV
		FDS
		FDT
		FDUS
		FDVV
		FDX
		FE
		FEAC
		FEAM
		FED
		FEIC
		FELE
		FELP
		FELPQ
		FELPU
		FEM
		FEMS
		FENC
		FENG
		FENG1
		FENY
		FEP
		FERG
		FET
		FET1
		FEUZ
		FEX
		FEYE
		FEZ
		FF
		FF1
		FFBC
		FFBC1
		FFCH
		FFD
		FFG
		FFIC
		FFIE
		FFIE1
		FFIN
		FFIV
		FFNW
		FFTY
		FFWM
		FG
		FGC
		FGD
		FGEN
		FGH
		FGL
		FGM
		FGNA
		FGP
		FGPR
		FH
		FH1
		FHB
		FHCO
		FHI
		FHLC
		FHN
		FHN1
		FHTX
		FI
		FIBK
		FIBK1
		FICO
		FID
		FIDI
		FIDU
		FIE
		FIG
		FIGS
		FII
		FIII
		FILL
		FINL
		FINV
		FINX
		FIO
		FIP
		FIQ
		FIRE
		FIS
		FIS1
		FISI
		FISV
		FISV1
		FIT
		FITB
		FITB1
		FITE
		FIVA
		FIVE
		FIVG
		FIVN
		FIW
		FIX
		FIXD
		FIXX
		FIZZ
		FJP
		FKE
		FKWL
		FL
		FLAX
		FLBR
		FLCH
		FLDM
		FLEX
		FLEX1
		FLGT
		FLIC
		FLIC1
		FLIR
		FLJH
		FLJP
		FLKS
		FLL
		FLM
		FLML
		FLMN
		FLNC
		FLNG
		FLNT
		FLNT1
		FLO
		FLO1
		FLOT
		FLOW
		FLQL
		FLQM
		FLR
		FLRN
		FLS
		FLT
		FLTN
		FLTX
		FLUX
		FLWS
		FLXN
		FLY
		FLYW
		FM
		FMAC
		FMAO
		FMAT
		FMBH
		FMBI
		FMC
		FMC1
		FMCI
		FMCN
		FMD
		FMD1
		FME
		FMER
		FMER1
		FMET
		FMI
		FMNB
		FMS
		FMSA
		FMTX
		FMX
		FN
		FNA
		FNB
		FNB1
		FNBC
		FNBCQ
		FNCB
		FNCH
		FNCH1
		FNCL
		FND
		FNDA
		FNDB
		FNDC
		FNDE
		FNDF
		FNDX
		FNF
		FNF1
		FNF2
		FNFG
		FNFV
		FNFV1
		FNG
		FNGG
		FNGG1
		FNGN
		FNGR
		FNGS
		FNHC
		FNHCQ
		FNI
		FNJN
		FNK
		FNKO
		FNLC
		FNP
		FNSR
		FNTC
		FNV
		FNX
		FNY
		FOA
		FOCS
		FOE
		FOGO
		FOL
		FOLD
		FOMX
		FOQ
		FOR
		FORA
		FORG
		FORM
		FORM1
		FORR
		FORX
		FOSL
		FOUN
		FOUR
		FOX
		FOX1
		FOXA
		FOXA1
		FOXF
		FPAC
		FPC
		FPE
		FPH
		FPI
		FPI1
		FPO
		FPRX
		FPX
		FPXI
		FQAL
		FQC
		FR
		FRAC
		FRAK
		FRAK1
		FRAN
		FRAN1
		FRBA
		FRBK
		FRC
		FRCB
		FRDM
		FRED
		FREE
		FREL
		FREQ
		FRES1
		FREY
		FRG
		FRGE
		FRGI
		FRHC
		FRI
		FRM
		FRME
		FRNW
		FRO
		FRO1
		FROG
		FRP
		FRPT
		FRSH
		FRST
		FRSX
		FRSX1
		FRT
		FRTA
		FRX
		FSA
		FSB
		FSC
		FSCI
		FSCT
		FSD
		FSDC
		FSE
		FSFR
		FSG
		FSIC
		FSII
		FSIN
		FSK
		FSK1
		FSKR
		FSL
		FSLR
		FSLY
		FSM
		FSMB
		FSMD
		FSNN
		FSNNQ
		FSP
		FSR
		FSRV
		FSS
		FST
		FST1
		FSTA
		FSTO
		FSTR
		FSTX
		FSV
		FSYS
		FSZ
		FTA
		FTAG
		FTAG1
		FTAI
		FTAI1
		FTC
		FTCH
		FTCHF
		FTCI
		FTCS
		FTCV
		FTD
		FTDCQ
		FTDR
		FTE
		FTEC
		FTEK
		FTEM
		FTFT
		FTFT1
		FTGC
		FTHI
		FTHM
		FTI
		FTI1
		FTIV
		FTK
		FTK1
		FTLS
		FTNT
		FTOC
		FTQI
		FTR
		FTR1
		FTRCQ
		FTRE
		FTRI
		FTRP
		FTS
		FTS1
		FTSI
		FTSI1
		FTSL
		FTSM
		FTSV
		FTV
		FTV1
		FTXD
		FTXG
		FTXH
		FTXL
		FTXN
		FTXO
		FTXR
		FU
		FUBC
		FUBO
		FUE
		FUEL
		FUL
		FULC
		FULL
		FULT
		FUMB
		FUN
		FUR
		FURX
		FUSE
		FUSN
		FUTU
		FUTY
		FUV
		FUV1
		FV
		FVAC
		FVAL
		FVCB
		FVD
		FVE
		FVE1
		FVRR
		FWAA
		FWLT
		FWM
		FWMHQ
		FWOA1
		FWOA2
		FWOK1
		FWOK2
		FWONA
		FWONK
		FWRD
		FWRG
		FXA
		FXB
		FXC
		FXCM
		FXCM1
		FXD
		FXE
		FXEN
		FXF
		FXG
		FXH
		FXI
		FXL
		FXLV
		FXN
		FXO
		FXP
		FXP1
		FXR
		FXS
		FXTM
		FXU
		FXY
		FXZ
		FYBR
		FYC
		FYE
		FYLD
		FYLG
		FYT
		FYX
		G
		GA
		GABC
		GABC1
		GAGA
		GAIA
		GAIN
		GAL
		GALE
		GALE1
		GALT
		GAMB
		GAME
		GAME1
		GAMR
		GAN
		GANX
		GARS
		GAS
		GAS1
		GASL
		GASL1
		GASL2
		GASS
		GASS1
		GASX
		GASX1
		GATO
		GATX
		GAU
		GAZ
		GB
		GB1
		GBC
		GBCI
		GBDC
		GBDC1
		GBIL
		GBIO
		GBLD
		GBLI
		GBOX
		GBP
		GBT
		GBTG
		GBUG
		GBX
		GCA
		GCAP
		GCC
		GCE
		GCI
		GCI1
		GCLN
		GCMG
		GCO
		GCOM
		GCOR
		GCP
		GCT
		GCVR1
		GD
		GDDY
		GDE
		GDEF
		GDEN
		GDEN1
		GDI
		GDOC
		GDOT
		GDP
		GDPM
		GDPMQ
		GDQ
		GDRX
		GDRZ
		GDRZF
		GDS
		GDVD
		GDX
		GDXJ
		GDXJ1
		GDXS
		GDXS1
		GDXX
		GDYN
		GE
		GE1
		GE2
		GECC1
		GEF
		GEGSQ
		GEHC
		GEHI
		GEHI1
		GEL
		GEM
		GEMP
		GEN
		GENC
		GENE
		GENE1
		GENI
		GENN
		GENQ1
		GENY
		GEO
		GEO1
		GEOI
		GEOKQ
		GEOS
		GEOY
		GERM
		GERN
		GERN1
		GES
		GET
		GETY
		GEVA
		GEVO
		GEVO1
		GEX
		GEX1
		GFA
		GFA1
		GFD
		GFE
		GFF
		GFI
		GFI1
		GFIG
		GFL
		GFN
		GFOF
		GFS
		GG
		GG1
		GGAL
		GGB
		GGB1
		GGC
		GGE
		GGG
		GGLL
		GGLS
		GGME
		GGP
		GGP1
		GGP2
		GGPI
		GGR
		GGS
		GH
		GHC
		GHD
		GHDX
		GHI
		GHI1
		GHI2
		GHIV
		GHL
		GHM
		GHRS
		GHVI
		GHYB
		GIB
		GIC
		GIE
		GIFI
		GIG
		GIGB
		GIGE
		GIGM
		GIGM1
		GII
		GIII
		GIK
		GIL
		GILD
		GILT
		GIMO
		GINN
		GIQ
		GIS
		GIVN
		GIX
		GJC
		GJD
		GK
		GKK
		GKOS
		GKSR
		GL
		GLA1
		GLAD
		GLBE
		GLBL
		GLBS
		GLCH
		GLCH1
		GLCN
		GLD
		GLD7
		GLDB
		GLDD
		GLDI
		GLDX
		GLDX1
		GLF
		GLFM
		GLFMQ
		GLIB1
		GLIBA
		GLIN
		GLL
		GLL1
		GLMD
		GLMD1
		GLNG
		GLOB
		GLOG
		GLOP
		GLOV
		GLP
		GLPG
		GLPI
		GLPI1
		GLPW
		GLRE
		GLT
		GLTO
		GLUE
		GLUU
		GLW
		GLYC
		GM
		GMAB
		GMAN
		GMBL
		GMBL1
		GMC
		GMCR
		GMDA
		GME
		GMED
		GMED1
		GMET
		GMF
		GMGI
		GMHI
		GMLP
		GMO
		GMQ
		GMRE
		GMS
		GMT
		GMTX
		GMXR
		GMXR1
		GMXRQ
		GNBC
		GNC
		GNCA
		GNCA1
		GNCIQ
		GNCMA
		GNE
		GNK
		GNK1
		GNKOQ
		GNKW1
		GNL
		GNL1
		GNLN
		GNLN1
		GNMK
		GNMX
		GNOG
		GNOM
		GNPK
		GNPX
		GNPX1
		GNR
		GNRC
		GNRS
		GNRT
		GNS
		GNS1
		GNSS
		GNTX
		GNTY
		GNUS
		GNUS1
		GNW
		GO
		GOAU
		GOC
		GOCO
		GOCO1
		GOE
		GOED
		GOEV
		GOEX
		GOGL
		GOGL1
		GOGO
		GOK
		GOL
		GOL1
		GOLD
		GOLD1
		GOLF
		GOLG1
		GOLG8
		GOLLQ
		GOLY
		GOMO
		GOOD
		GOOG
		GOOG1
		GOOG7
		GOOGL
		GOOS
		GOOSY
		GOOX
		GOOY
		GORO
		GORO1
		GORV
		GOSS
		GOTU
		GOV
		GOV1
		GOVT
		GOVZ
		GP
		GPC
		GPCR
		GPD
		GPE
		GPI
		GPIQ
		GPIX
		GPK
		GPL
		GPL1
		GPLD1
		GPLDF
		GPMT
		GPN
		GPN1
		GPOR
		GPORQ
		GPP
		GPRE
		GPRE1
		GPRK
		GPRK1
		GPRO
		GPS
		GPT
		GPT1
		GPX
		GQE
		GR
		GRA
		GRA1
		GRAB
		GRAF
		GRAY
		GRAY1
		GRBK
		GRC
		GRC1
		GRCL
		GRD
		GRE
		GREE
		GREE1
		GREE2
		GREK
		GREK1
		GRFS
		GRFS1
		GRFS2
		GRID
		GRIN
		GRIN1
		GRMN
		GRN
		GRND
		GRNR
		GRNT
		GROM
		GROM1
		GROV
		GROV1
		GROW
		GROY
		GRP
		GRPH
		GRPM
		GRPN
		GRPN1
		GRPU
		GRRR
		GRSV
		GRT
		GRTS
		GRTX
		GRU
		GRUB
		GRUB1
		GRWG
		GRZ
		GS
		GS1
		GSAH
		GSAT
		GSB
		GSB1
		GSBC
		GSBD
		GSC
		GSE
		GSEH
		GSEHQ
		GSEW
		GSG
		GSH
		GSHD
		GSI
		GSI1
		GSIE
		GSIG
		GSIH
		GSIT
		GSJK
		GSK
		GSK1
		GSKY
		GSL
		GSL1
		GSLC
		GSM
		GSP
		GSPY
		GSS
		GSS1
		GSSD
		GST
		GSTC
		GSTCQ
		GSUM
		GSUS
		GSVC
		GSVC1
		GSX
		GSY
		GT
		GT1
		GTAT
		GTATQ
		GTBP
		GTBP1
		GTD
		GTE
		GTE1
		GTEK
		GTES
		GTHX
		GTI
		GTIM
		GTIV
		GTLB
		GTLS
		GTN
		GTS
		GTS1
		GTT
		GTTN
		GTTNQ
		GTX
		GTXI
		GTXI1
		GTXMQ
		GTY
		GTY1
		GTYH
		GU
		GUD
		GUID
		GULT1
		GUNR
		GUR
		GURE
		GURE1
		GURU
		GUSH
		GUSH1
		GUSH2
		GV
		GVA
		GVA1
		GVC
		GVI
		GVIP
		GVLU
		GVZ
		GWAC
		GWAY
		GWB
		GWC
		GWD
		GWE
		GWH
		GWL
		GWPH
		GWR
		GWRE
		GWRS
		GWW
		GWX
		GXC
		GXE
		GXG
		GXG1
		GXGX
		GXO
		GXP
		GXTG
		GY
		GYC
		GYLD
		GYRE1
		GZT
		GZTGF
		H
		HA
		HAAC
		HABT
		HACK
		HAD
		HAE
		HAFC
		HAIL
		HAIN
		HAL
		HALL
		HALL1
		HALO
		HAO
		HAP
		HAR
		HARD
		HARP
		HARP1
		HAS
		HASI
		HAUS
		HAUZ
		HAWK
		HAWK1
		HAWKB
		HAYN
		HAYW
		HBAN
		HBAN1
		HBB
		HBC
		HBCP
		HBHC
		HBI
		HBIO
		HBIO1
		HBM
		HBM1
		HBNC
		HBNC1
		HBP
		HBT
		HCA
		HCAC
		HCAT
		HCBK
		HCC
		HCC1
		HCCI
		HCCO
		HCFT
		HCHC
		HCHC1
		HCI
		HCIC
		HCII
		HCKT
		HCLP
		HCM
		HCN
		HCOM
		HCP
		HCP1
		HCR
		HCRSQ
		HCSG
		HCT
		HD
		HDB
		HDB1
		HDEF
		HDG
		HDGE
		HDGE1
		HDNG
		HDP
		HDRO
		HDS
		HDSN
		HDV
		HDY
		HDY1
		HDYN
		HE
		HEAR
		HEAT1
		HEC
		HECO
		HED
		HEDJ
		HEEM
		HEES
		HEFA
		HEI
		HEI1
		HEI2
		HEI3
		HEIA
		HEIA1
		HEK
		HELE
		HELI
		HELI1
		HELX
		HEP
		HEPA
		HEPA1
		HEQT
		HERO
		HERO1
		HEROQ
		HES
		HESM
		HEWG
		HEWJ
		HEXO
		HEXO1
		HEXO2
		HEZU
		HF
		HFC
		HFD
		HFFG
		HFND
		HFWA
		HGC
		HGD
		HGEN
		HGER
		HGG
		HGGG
		HGGGQ
		HGR
		HGSI
		HGT
		HGTXU
		HGTY
		HGV
		HGX
		HHC
		HHD
		HHH
		HHS
		HHS1
		HI
		HI1
		HIBB
		HIBL
		HIBS
		HIBS1
		HID
		HIFR
		HIG
		HII
		HIIQ
		HIL
		HILI
		HILL
		HIMS
		HIMX
		HIPO
		HIPO1
		HITI
		HITK
		HITT
		HIVE
		HIVE1
		HIW
		HJEN
		HJLI
		HK
		HK1
		HK2
		HKD
		HKE
		HKOR
		HKRS
		HKRSQ
		HKTV
		HKTVY
		HL
		HL1
		HLD
		HLF
		HLGN
		HLGN1
		HLI
		HLIO
		HLIT
		HLLY
		HLMN
		HLN
		HLNE
		HLS
		HLSS
		HLSS1
		HLT
		HLT1
		HLTH
		HLX
		HLYS
		HMA
		HMC
		HME
		HMHC
		HMI
		HMIN
		HMLP
		HMN
		HMNY
		HMNY1
		HMPT
		HMST
		HMSY
		HMTV
		HMY
		HNC
		HNDL
		HNGR
		HNI
		HNI1
		HNP
		HNPIY
		HNR
		HNR1
		HNRG
		HNSN
		HNSN1
		HNST
		HNT
		HNZ
		HOC
		HOD
		HOFT
		HOFV
		HOFV1
		HOG
		HOGS
		HOKU
		HOL
		HOLI
		HOLX
		HOMB
		HOMB1
		HOME
		HOMZ
		HON
		HON1
		HON2
		HONE
		HOOD
		HOOK
		HOPE
		HOPE1
		HOS
		HOSS
		HOT
		HOT1
		HOTL
		HOTT
		HOUS
		HOV
		HOV1
		HOWL
		HP
		HPE
		HPE1
		HPE2
		HPJ
		HPK
		HPP
		HPQ
		HPQ1
		HPR
		HPR1
		HPT
		HPT1
		HPY
		HQC
		HQCL
		HQCL1
		HQE
		HQY
		HR
		HR1
		HRB
		HRC
		HRD
		HRG
		HRI
		HRI1
		HRL
		HRMY
		HROW
		HRS
		HRS1
		HRT
		HRTG
		HRTX
		HRZN
		HSAI
		HSBC
		HSC
		HSD
		HSE
		HSH
		HSH1
		HSIC
		HSIC1
		HSII
		HSKA
		HSNI
		HSOL
		HSON
		HSP
		HST
		HSTM
		HSTO1
		HSY
		HT
		HT1
		HTA
		HTA1
		HTBI
		HTBK
		HTBX
		HTCH
		HTEC
		HTGC
		HTGM
		HTGM1
		HTH
		HTH1
		HTHIY
		HTHT
		HTHT1
		HTHT2
		HTLD
		HTLF
		HTOO
		HTS
		HTSI
		HTWR
		HTZ
		HTZ1
		HTZGQ
		HTZZ1
		HUBB
		HUBG
		HUBS
		HUC
		HUD
		HUE
		HUGE
		HUGE1
		HUGS
		HUM
		HUMA
		HUN
		HURN
		HUSA
		HUSE
		HUT
		HUT1
		HUYA
		HVC
		HVT
		HW
		HWAY
		HWC
		HWCC
		HWD
		HWE
		HWKB1
		HWKN
		HWM
		HWM1
		HXC
		HXL
		HXM
		HY
		HYBB
		HYD
		HYD1
		HYDR
		HYEM
		HYFM
		HYG
		HYGH
		HYGS
		HYH
		HYLB
		HYLB1
		HYLD
		HYLG
		HYLN
		HYLV
		HYMB
		HYMC
		HYMC1
		HYPR
		HYRE
		HYREQ
		HYS
		HYSA
		HYXU
		HYZD
		HYZN
		HZN
		HZNP
		HZO
		HZON
		I
		IAA
		IAC
		IAC1
		IAC2
		IACA
		IACI
		IAG
		IAGG
		IAI
		IAK
		IART
		IART1
		IAS
		IAT
		IAU
		IAU1
		IAUF
		IBB
		IBBJ
		IBBQ
		IBCA
		IBCP
		IBE
		IBEX
		IBI
		IBIO
		IBIO1
		IBIO2
		IBKC
		IBKR
		IBLC
		IBM
		IBM1
		IBN
		IBN1
		IBND
		IBO
		IBOC
		IBP
		IBRN
		IBRX
		IBTX
		IBUY
		ICA
		ICAD
		ICD
		ICD1
		ICE
		ICE1
		ICF
		ICFI
		ICGE
		ICHR
		ICL
		ICLD
		ICLK
		ICLK1
		ICLN
		ICLR
		ICLR1
		ICMB
		ICN
		ICON
		ICON1
		ICOP
		ICPT
		ICSH
		ICUI
		ICVT
		ICVX
		IDA
		IDAT
		IDC
		IDCC
		IDD
		IDEV
		IDEX
		IDEX1
		IDGT
		IDHQ
		IDI
		IDIX
		IDLV
		IDN
		IDNA
		IDR
		IDRA
		IDRA1
		IDRV
		IDSY
		IDT
		IDT1
		IDTI
		IDU
		IDUB
		IDV
		IDVO
		IDXX
		IDYA
		IE
		IEA
		IEC
		IECS
		IEDI
		IEF
		IEFA
		IEFN
		IEHS
		IEI
		IEIH
		IEME
		IEMG
		IEO
		IEP
		IEP1
		IESC
		IETC
		IEUR
		IEV
		IEX
		IEZ
		IFD
		IFF
		IFGL
		IFN
		IFN1
		IFRA
		IFRX
		IFSIA
		IFT
		IFV
		IG
		IGAC
		IGATY
		IGC
		IGCC
		IGD
		IGE
		IGF
		IGHG
		IGIB
		IGIC
		IGLB
		IGLD
		IGM
		IGMS
		IGN
		IGOI
		IGOI1
		IGOV
		IGPT
		IGRO
		IGSB
		IGT
		IGT1
		IGTE
		IGV
		IGZ
		IHAK
		IHDG
		IHE
		IHF
		IHG
		IHG1
		IHI
		IHRT
		IHS
		IHY
		IIC
		IID
		III
		IIIN
		IIIV
		IIJI
		IILG
		IIN
		IIPR
		IIVI
		IIVI1
		IJC
		IJD
		IJH
		IJJ
		IJK
		IJR
		IJS
		IJT
		IKC
		IKD
		IKGH
		IL
		ILC
		ILCB
		ILCG
		ILD
		ILE
		ILF
		ILG
		ILIT
		ILLM
		ILMN
		ILPT
		IM
		IMAB
		IMAX
		IMBI
		IMBIQ
		IMC
		IMCC
		IMCC1
		IMCG
		IMCR
		IMD
		IMDZ
		IME
		IMGN
		IMGO
		IMH
		IMKTA
		IMLP
		IMMP
		IMMR
		IMMU
		IMMX
		IMMY
		IMN
		IMNM
		IMNN1
		IMO
		IMOS
		IMOS1
		IMPM
		IMPP
		IMPP1
		IMPP2
		IMPR
		IMPV
		IMPX
		IMRA
		IMS
		IMTM
		IMTX
		IMUC
		IMUC1
		IMUX
		IMUX1
		IMV
		IMV1
		IMVIQ
		IMVQ1
		IMVT
		IMXI
		IN
		INAP
		INAP1
		INAPQ
		INAQ
		INBK
		INBX
		INC
		INCO
		INCR
		INCY
		INDA
		INDB
		INDB1
		INDI
		INDL
		INDL1
		INDS
		INDT
		INDY
		INDZ
		INFA
		INFI
		INFIQ
		INFL
		INFN
		INFO
		INFO1
		INFU
		INFY
		INFY1
		INFY2
		ING
		INGN
		INGR
		ININ
		INKM
		INMB
		INMD
		INN
		INNT
		INNV
		INO
		INO1
		INOD
		INOV
		INP
		INPTF
		INQQ
		INSE
		INSG
		INSG1
		INSM
		INSP
		INST
		INSU
		INSW
		INSW1
		INSY
		INSY1
		INSYQ
		INT
		INTA
		INTC
		INTEQ
		INTF
		INTL
		INTR
		INTT
		INTU
		INTX
		INTZ
		INVA
		INVE
		INVE1
		INVH
		INVH1
		INVN
		INVO
		INVO1
		INVZ
		INWK
		INXN
		INXX
		INZY
		IO
		IO1
		IOC
		IOD
		IOGPQ
		ION
		IONQ
		IONS
		IOO
		IOSP
		IOT
		IOTS
		IOVA
		IP
		IP1
		IPA
		IPAC
		IPAR
		IPAY
		IPCC
		IPCI
		IPCI1
		IPCM
		IPFF
		IPG
		IPGP
		IPHI
		IPHS
		IPI
		IPI1
		IPKW
		IPO
		IPOA
		IPOB
		IPOC
		IPOD
		IPOE
		IPOF
		IPOS
		IPSC
		IPSU
		IPV
		IPXL
		IQ
		IQC
		IQDF
		IQDG
		IQE
		IQLT
		IQM
		IQNT
		IQNT1
		IQV
		IR
		IR1
		IRBO
		IRBT
		IRC
		IRDM
		IRE
		IREBY
		IREN
		IRET
		IRET1
		IRF
		IRG
		IRGT
		IRGTQ
		IRIS
		IRIX
		IRM
		IRM1
		IRM2
		IRMD
		IRNT
		IRNTQ
		IRON
		IRON1
		IRS
		IRS1
		IRS2
		IRT
		IRTC
		IRVH
		IRWD
		IRWD1
		IS
		ISBC
		ISBC1
		ISCA
		ISD
		ISE
		ISEE
		ISHP
		ISIG
		ISIG1
		ISIL
		ISIS
		ISLE
		ISPO
		ISPO1
		ISPR
		ISRA
		ISRG
		ISS
		ISSC
		ISSI
		ISTA
		ISTB
		ISUN
		IT
		IT1
		ITA
		ITB
		ITC
		ITCI
		ITD
		ITEK
		ITEQ
		ITG
		ITGR
		ITGR1
		ITI
		ITM
		ITM1
		ITMN
		ITOS
		ITOT
		ITP
		ITP1
		ITRI
		ITRN
		ITT
		ITT1
		ITUB
		ITUB1
		ITUB2
		ITUB3
		ITW
		IUC
		IUE
		IUSB
		IUSG
		IUSV
		IVAC
		IVAN
		IVAN1
		IVANF
		IVC
		IVCRQ
		IVD
		IVE
		IVEG
		IVES
		IVLU
		IVN
		IVN1
		IVOG
		IVOL
		IVOO
		IVOV
		IVR
		IVR1
		IVRS
		IVT
		IVV
		IVVD
		IVW
		IVZ
		IWB
		IWC
		IWD
		IWF
		IWFH
		IWIN
		IWL
		IWM
		IWN
		IWO
		IWP
		IWQ
		IWR
		IWS
		IWV
		IWX
		IWY
		IXC
		IXG
		IXJ
		IXN
		IXP
		IXUS
		IXYS
		IYC
		IYD
		IYE
		IYF
		IYG
		IYH
		IYJ
		IYK
		IYM
		IYR
		IYT
		IYW
		IYY
		IYZ
		IZEA
		IZEA1
		IZRL
		J
		JAAA
		JAC
		JACK
		JAD
		JAG
		JAGGF
		JAGX
		JAGX1
		JAH
		JAH1
		JAKK
		JAMF
		JANX
		JASO
		JASO1
		JAX
		JAZZ
		JAZZ1
		JBGS
		JBHT
		JBI
		JBL
		JBLU
		JBSS
		JBT
		JBV
		JCAP
		JCD
		JCI
		JCI1
		JCI2
		JCI3
		JCOM
		JCP
		JCPI
		JCPNQ
		JD
		JDAS
		JDE
		JDST
		JDST1
		JDST2
		JDST3
		JDSU
		JE
		JE1
		JEC
		JEF
		JEF1
		JELD
		JENQ1
		JEPI
		JEPQ
		JEPY
		JETS
		JFD
		JFIN
		JG
		JG1
		JGC
		JGE
		JGLD
		JGW
		JGWE
		JHC
		JHG
		JHG1
		JHML
		JHMM
		JHX
		JIC
		JID
		JIH
		JILL
		JILL1
		JIRE
		JIVE
		JJA
		JJC
		JJCB
		JJCTF
		JJE
		JJG
		JJGB
		JJGTF
		JJM
		JJN
		JJOFF
		JJP
		JJS
		JJSF
		JJT
		JJU
		JKC
		JKHY
		JKS
		JLC
		JLL
		JLL1
		JMBA
		JMBA1
		JMBS
		JMD
		JMEI
		JMEI1
		JMG
		JMI
		JMIA
		JMP
		JMP1
		JMSB
		JMST
		JNC
		JNCE
		JND
		JNE
		JNJ
		JNK
		JNK1
		JNP
		JNPR
		JNS
		JNUG
		JNUG1
		JNUG2
		JNY
		JO
		JOAN
		JOBS
		JOBY
		JOD
		JOE
		JOET
		JONE
		JONE1
		JOSB
		JOY
		JP
		JPC
		JPD
		JPEM
		JPEP
		JPIN
		JPM
		JPMD
		JPMO
		JPNL
		JPNS
		JPPYY
		JPSE
		JPST
		JPUS
		JQE
		JQUA
		JRC
		JRCC
		JRCCQ
		JRD
		JRJC
		JRJC1
		JRN
		JRVR
		JSC
		JSML
		JSPR
		JSPR1
		JST
		JSTC
		JTE
		JTKW1
		JTKWY
		JUC
		JUCY
		JUD
		JUNO
		JUST
		JVAL
		JVD
		JWA
		JWE
		JWN
		JWS
		JXC
		JXI
		JXN
		JYC
		JYE
		JYNT
		K
		K1
		KA1
		KAC
		KAE
		KAHC
		KAI
		KALA
		KALA1
		KALL
		KALU
		KALV
		KAMN
		KANG
		KAR
		KAR1
		KARS
		KATE
		KB
		KBA
		KBAL
		KBAL1
		KBALB
		KBC
		KBE
		KBH
		KBK
		KBNT
		KBR
		KBUY
		KBW
		KBWB
		KBWD
		KBWP
		KBWR
		KBWY
		KC
		KCAC
		KCAP
		KCCA
		KCE
		KCG
		KCG1
		KCP
		KD
		KDIV
		KDMN
		KDN
		KDNY
		KDNY1
		KDP
		KDP1
		KE
		KED
		KEG
		KEGX
		KEGXQ
		KELYA
		KEM
		KEMQ
		KEMX
		KEN
		KEP
		KERN
		KERN1
		KERX
		KEUA
		KEX
		KEY
		KEY1
		KEYN
		KEYS
		KEYW
		KFC
		KFD
		KFN
		KFRC
		KFS
		KFT
		KFVG
		KFY
		KFYP
		KGC
		KGN
		KGRN
		KGRO
		KGS
		KHC
		KHC1
		KID
		KIDS
		KIE
		KIM
		KIM1
		KIN
		KIND
		KING
		KINS
		KIOR
		KIORQ
		KIPO
		KIRK
		KITD
		KITDQ
		KITE
		KJC
		KKD
		KKR
		KKR1
		KL
		KLAC
		KLAC1
		KLC
		KLCD
		KLD
		KLDO
		KLDX
		KLE
		KLG
		KLIC
		KLIP
		KLNE
		KLR
		KLR1
		KLTR
		KLXE
		KLXE1
		KLXI
		KLXI1
		KLXY
		KMB
		KMB1
		KMC
		KMD
		KMDA
		KMED
		KMET
		KMG
		KMI
		KMI1
		KMI2
		KMI3
		KMLM
		KMP
		KMP1
		KMPH
		KMPR
		KMPR1
		KMR
		KMT
		KMX
		KN
		KN1
		KNBE
		KNCT
		KND
		KND1
		KNDI
		KNE
		KNF
		KNL
		KNOL
		KNOP
		KNSA
		KNSL
		KNTE
		KNTK
		KNX
		KNX1
		KNXA
		KO
		KOD
		KODK
		KOE
		KOF
		KOG
		KOIN
		KOL
		KOL1
		KOLD
		KOLD1
		KOLD2
		KOMP
		KONA
		KONAQ
		KONG
		KOP
		KOPN
		KORS
		KORU
		KOS
		KPLT
		KPLT1
		KPTI
		KQD
		KR
		KRA
		KRBN
		KRBP
		KRBP1
		KRC
		KRE
		KREF
		KRFT
		KRG
		KRG1
		KRMA
		KRMD
		KRNT
		KRNY
		KRNY1
		KRO
		KRON
		KROP
		KROS
		KRP
		KRRO1
		KRTX
		KRYS
		KS
		KSA
		KSCD
		KSEA
		KSS
		KSTR
		KSU
		KSWS
		KT
		KTB
		KTC
		KTCC
		KTE
		KTEC
		KTOS
		KTOV
		KTWO
		KUB
		KUBTY
		KUD
		KULR
		KURA
		KURE
		KVA
		KVD
		KVHI
		KVLE
		KVPHA
		KVPHQ
		KVSA
		KVSB
		KVUE
		KVYO
		KW
		KWC
		KWD
		KWEB
		KWK
		KWKA
		KWKAQ
		KWR
		KWT
		KWT1
		KXI
		KXIN
		KXIN1
		KYAK
		KYD
		KYE
		KYMR
		KYN
		KYTH
		KZ
		KZ1
		KZIA
		KZR
		L
		LAAC
		LAB
		LAB1
		LABD
		LABD1
		LABL
		LABU
		LABU1
		LAC
		LAC1
		LAD
		LADR
		LADR1
		LAE
		LAKE
		LAMR
		LANC
		LAND
		LASR
		LAUR
		LAUR1
		LAW
		LAYN
		LAZ
		LAZR
		LAZY
		LB
		LBAI
		LBAI1
		LBC
		LBD
		LBIO
		LBJ
		LBJ1
		LBMH
		LBPH
		LBRD1
		LBRDA
		LBRDK
		LBRK1
		LBRT
		LBTA1
		LBTK1
		LBTY1
		LBTY2
		LBTYA
		LBTYK
		LBY
		LBYYQ
		LC
		LC1
		LCA
		LCAV
		LCC
		LCI
		LCI1
		LCID
		LCII
		LCIN
		LCIN1
		LCINQ
		LCNB
		LCRY
		LCTD
		LCTU
		LCTX
		LCTX2
		LCUT
		LCY
		LD
		LDEM
		LDI
		LDK
		LDKSY
		LDKYQ
		LDL
		LDOS
		LDOS1
		LDR
		LDRH
		LDTC1
		LE
		LEA
		LEAF
		LEAP
		LECO
		LED
		LEDR
		LEDS
		LEE
		LEE1
		LEG
		LEGH
		LEGN
		LEGR
		LEI
		LEI1
		LEJU
		LEJU1
		LEMB
		LEN
		LEN1
		LEN2
		LESL
		LETB
		LEU
		LEV
		LEVI
		LEXEA
		LF
		LFC
		LFCHY
		LFCR
		LFG
		LFGR
		LFIN
		LFL
		LFLY
		LFLY1
		LFMD
		LFST
		LFT
		LFT1
		LFTR
		LFUS
		LFUS1
		LFVN
		LFWD
		LG
		LGCY
		LGCYQ
		LGE
		LGF
		LGFA
		LGFA1
		LGFB
		LGFB1
		LGHL
		LGHL1
		LGIH
		LGLV
		LGMK
		LGMK1
		LGMK2
		LGND
		LGND1
		LGO
		LGP
		LGV
		LGVW
		LH
		LH1
		LHB
		LHCG
		LHCG1
		LHDX
		LHDXQ
		LHE
		LHO
		LHX
		LHX1
		LI
		LICY
		LID
		LIDR
		LIDR1
		LIFE
		LIFE1
		LIFW
		LII
		LILA
		LILA1
		LILAK
		LILK1
		LILM
		LIN
		LINC
		LIND
		LINE
		LINEQ
		LINT1
		LINTA
		LINU
		LINU1
		LINUF
		LION
		LIOX
		LIQT
		LIQT1
		LIT
		LIT1
		LITB
		LITE
		LITE1
		LITM
		LIVE
		LIVE1
		LIVN
		LIVX
		LIWA
		LIZI
		LIZI1
		LJD
		LJE
		LJPC
		LK
		LKD
		LKFN
		LKFN1
		LKM
		LKNCY
		LKQ
		LKSD
		LKSDQ
		LL
		LLAP
		LLC
		LLE
		LLEN
		LLEX
		LLEXQ
		LLL
		LLL1
		LLNW
		LLTC
		LLY
		LLYVA
		LM
		LMACA
		LMAT
		LMB
		LMBS
		LMCA
		LMCA1
		LMCA2
		LMCK
		LMCK1
		LMFA
		LMIA
		LMLP
		LMND
		LMND1
		LMNL
		LMNL1
		LMNR
		LMNS
		LMNX
		LMOS
		LMRK
		LMT
		LN
		LNC
		LNCE
		LNCE1
		LNCO
		LNCO1
		LNCOQ
		LNCR
		LND
		LNDC
		LNE
		LNG
		LNG1
		LNGG
		LNKD
		LNN
		LNSR
		LNT
		LNTH
		LNTH1
		LNW
		LNZA
		LO
		LOAN
		LOB
		LOCK
		LOCL
		LOCL1
		LOCM
		LOCO
		LOCO1
		LOD
		LODE
		LODE1
		LOGC
		LOGI
		LOGI1
		LOGM
		LOJN
		LOMA
		LONE
		LONEQ
		LONG
		LOOP
		LOPE
		LOPX
		LORL
		LORL1
		LOTZ
		LOUP
		LOV
		LOVE
		LOVLQ
		LOVLY
		LOW
		LOWC
		LOXO
		LPCN
		LPCN1
		LPE
		LPG
		LPG1
		LPHI
		LPHIQ
		LPI
		LPI1
		LPL
		LPLA
		LPNT
		LPR
		LPRI
		LPRIQ
		LPRO
		LPS
		LPSN
		LPT
		LPTN
		LPTN1
		LPTX
		LPTX1
		LPX
		LQ
		LQD
		LQDA
		LQDH
		LQDI
		LQDT
		LQIG
		LRAD
		LRCX
		LRCX1
		LRE
		LRGF
		LRMR
		LRMR1
		LRN
		LRND
		LRNZ
		LRY
		LSAK
		LSC
		LSCC
		LSD
		LSE
		LSEA
		LSI
		LSI1
		LSPD
		LSTA1
		LSTR
		LSXA1
		LSXK1
		LSXMA
		LSXMK
		LTBR
		LTBR1
		LTC
		LTCH
		LTD
		LTE
		LTH
		LTHM
		LTL
		LTM
		LTMAQ
		LTPZ
		LTRN
		LTRPA
		LTRX
		LTRY
		LTRY1
		LTXB
		LTXC
		LU
		LU1
		LUB
		LUB1
		LUFK
		LUK
		LUK1
		LUK2
		LULU
		LUMN
		LUMO1
		LUNA
		LUNG
		LUV
		LUX
		LUX1
		LUXA
		LUXTY
		LUXX
		LVB
		LVC
		LVD
		LVE
		LVGO
		LVHD
		LVHI
		LVLT
		LVLT1
		LVLT2
		LVLU
		LVNA1
		LVNA2
		LVNT1
		LVNTA
		LVO
		LVO1
		LVOX
		LVS
		LVTX
		LVWR
		LW
		LWE
		LWLG
		LX
		LXC
		LXE
		LXFR
		LXFT
		LXK
		LXP
		LXRX
		LXU
		LXU1
		LYB
		LYEL
		LYFT
		LYG
		LYLT
		LYLTQ
		LYRA
		LYTS
		LYV
		LZ
		LZB
		M
		MA
		MAA
		MAA1
		MAC
		MACK
		MACK1
		MACK2
		MAD
		MAE
		MAG
		MAGA
		MAGS
		MAGS1
		MAIN
		MAKO
		MAKX
		MAMA
		MAN
		MANH
		MANT
		MANU
		MAPP
		MAPS
		MAR
		MAR1
		MAR2
		MARA
		MARA1
		MARK
		MARK1
		MAS
		MAS1
		MASC
		MASI
		MASS
		MAT
		MATN
		MATR
		MATV
		MATV1
		MATW
		MATX
		MATX1
		MAX
		MAXI
		MAXN
		MAXR
		MAXR1
		MAXY
		MB
		MBB
		MBBYF
		MBC
		MBD
		MBE
		MBFI
		MBFI1
		MBI
		MBI1
		MBII
		MBIN
		MBIO
		MBIO1
		MBLX
		MBLX1
		MBLY
		MBND
		MBOT
		MBT
		MBT1
		MBTF
		MBUU
		MBWM
		MC
		MCB
		MCBC
		MCBS
		MCC
		MCC1
		MCD
		MCEP
		MCEP1
		MCF
		MCFE
		MCFT
		MCG
		MCGC
		MCHI
		MCHP
		MCHP1
		MCHX
		MCK
		MCMJ
		MCO
		MCOX
		MCOX1
		MCP
		MCPIQ
		MCRB
		MCRI
		MCRL
		MCRN
		MCRS
		MCS
		MCW
		MCY
		MD
		MDA1
		MDAS
		MDB
		MDC
		MDC1
		MDCA
		MDCI
		MDCO
		MDEV
		MDF
		MDGL
		MDGL1
		MDGN
		MDGS
		MDIV
		MDLA
		MDLZ
		MDLZ1
		MDP
		MDR
		MDR1
		MDR2
		MDRIQ
		MDRX
		MDSO
		MDT
		MDT1
		MDTH
		MDU
		MDU1
		MDVL
		MDVL1
		MDVN
		MDWD
		MDWD1
		MDXG
		MDY
		MDYG
		MDYV
		ME
		MEA
		MEAS
		MEC
		MED
		MEDP
		MEET
		MEG
		MEG1
		MEI
		MEIP
		MEIP1
		MELA
		MELA1
		MELI
		MEME
		MEME1
		MEMP
		MEMS
		MENT
		MEOH
		MEP
		MERC
		MERU
		MESA
		MESG
		MESO
		MESO1
		MET
		MET1
		META
		METC
		METC1
		METV
		MEXX
		MEXX1
		MFA
		MFA1
		MFB
		MFC
		MFCB
		MFCB1
		MFD
		MFG
		MFGLQ
		MFGP
		MFGP1
		MFH
		MFH1
		MFIC
		MFIN
		MFLX
		MFNC
		MFRM
		MFS
		MG
		MGA
		MGAM
		MGC
		MGEE
		MGEE1
		MGI
		MGIC
		MGK
		MGLN
		MGM
		MGN
		MGNI
		MGNI1
		MGNX
		MGP
		MGPI
		MGRC
		MGT
		MGTA
		MGTI
		MGTX
		MGV
		MGY
		MHC
		MHE
		MHFI
		MHGC
		MHK
		MHLD
		MHO
		MHP
		MHR
		MHRC
		MHRCQ
		MI
		MIC
		MIC1
		MIC2
		MID
		MIDD
		MIDU
		MIDZ
		MIDZ1
		MIFI
		MIG
		MIK
		MIL
		MILE
		MILL
		MILLQ
		MILN
		MIM
		MIME
		MIMO
		MIND
		MIND1
		MINI
		MINT
		MIPS
		MIR
		MIRM
		MIRO
		MISL
		MIST
		MITC
		MITK
		MITL
		MITT
		MITT1
		MIXT
		MJ
		MJC
		MJE
		MJIN
		MJN
		MJX
		MJXL
		MKC
		MKFG
		MKL
		MKSI
		MKSI1
		MKTG
		MKTO
		MKTS
		MKTSQ
		MKTW
		MKTX
		ML
		ML1
		MLCO
		MLCO1
		MLE
		MLHR
		MLHR1
		MLI
		MLKN
		MLKN1
		MLM
		MLM1
		MLN
		MLND
		MLND1
		MLNK
		MLNT
		MLNT1
		MLNTQ
		MLNX
		MLPA
		MLPA1
		MLPI
		MLPN
		MLPX
		MLPX1
		MLQ
		MLR
		MLSS
		MLTX
		MLYS
		MM
		MMAT
		MMAT1
		MMAT2
		MMC
		MMD
		MME
		MMI
		MMLP
		MMM
		MMP
		MMR
		MMS
		MMSI
		MMTM
		MMX
		MMYT
		MN
		MNA
		MNC
		MNDL
		MNDO
		MNDT
		MNDY
		MNI
		MNI1
		MNK
		MNK1
		MNKD
		MNKD1
		MNKKQ
		MNLO1
		MNM
		MNMD
		MNMD1
		MNOV
		MNR
		MNRL
		MNRO
		MNSO
		MNSO1
		MNST
		MNTA
		MNTG
		MNTK
		MNTS
		MNTS1
		MNTV
		MNTX
		MNX
		MNY
		MO
		MOAT
		MOBI
		MOBL
		MOD
		MODG
		MODL
		MODN
		MODV
		MOFG
		MOGA
		MOGO
		MOGO1
		MOH
		MOLX
		MOLXA
		MOMO
		MON
		MONT
		MOO
		MOON
		MOR
		MORE
		MORF
		MORN
		MORT
		MOS
		MOSY
		MOSY1
		MOTR
		MOTR1
		MOV
		MOVE
		MOXC
		MP
		MPAA
		MPB
		MPC
		MPC1
		MPC2
		MPD
		MPE
		MPEL
		MPEL1
		MPG
		MPLN
		MPLX
		MPLX1
		MPO
		MPO1
		MPOY1
		MPSX
		MPW
		MPWR
		MPX
		MQ
		MQD
		MQE
		MR
		MR1
		MRAI
		MRAI1
		MRAM
		MRC
		MRCC
		MRCY
		MRD
		MRE
		MREO
		MREO1
		MRGE
		MRH
		MRIN
		MRIN1
		MRK
		MRK1
		MRKR
		MRKR1
		MRKT
		MRLN
		MRNA
		MRNS
		MRNS1
		MRNY
		MRO
		MRO1
		MRSN
		MRSN1
		MRTN
		MRTN1
		MRTX
		MRUS
		MRUT
		MRVI
		MRVL
		MRVL1
		MRX
		MS
		MS1
		MS2
		MSA
		MSB
		MSBI
		MSC
		MSCC
		MSCC1
		MSCI
		MSEX
		MSFD
		MSFG
		MSFO
		MSFT
		MSFU
		MSFX
		MSG
		MSGE
		MSGE1
		MSGN
		MSGN1
		MSGR
		MSGS
		MSGS1
		MSI
		MSI1
		MSM
		MSO
		MSON
		MSOS
		MSOX
		MSP
		MSPD
		MSTD
		MSTR
		MSTX
		MT
		MT1
		MTA
		MTB
		MTB1
		MTBC
		MTBL1
		MTCH
		MTCH1
		MTCR
		MTD
		MTDR
		MTEM
		MTEM1
		MTEST
		MTG
		MTGE
		MTH
		MTL
		MTL1
		MTLS
		MTN
		MTOR
		MTP1
		MTRN
		MTRX
		MTSC
		MTSI
		MTSI1
		MTSN
		MTTR
		MTU
		MTUM
		MTVR
		MTW
		MTW1
		MTW2
		MTX
		MTZ
		MTZ1
		MU
		MUB
		MUC
		MUDS
		MUE
		MUFG
		MULE
		MULN
		MULN1
		MULN2
		MULN3
		MUNI
		MUR
		MUR1
		MUSA
		MUX
		MUX1
		MVBF
		MVC
		MVG
		MVIS
		MVIS1
		MVO
		MVP
		MVPS
		MVST
		MVV
		MW
		MWA
		MWD
		MWE
		MWIV
		MWJ
		MWK
		MWN
		MWV
		MWV1
		MWW
		MX
		MXCT
		MXEA
		MXEAF
		MXEF
		MXEFF
		MXI
		MXIM
		MXL
		MXL1
		MXWL
		MY
		MYC
		MYCC
		MYE
		MYGN
		MYL
		MYMD
		MYMD1
		MYO
		MYOK
		MYOV
		MYPS
		MYRG
		MYRX
		MYRX1
		MYTE
		MYY
		MYY1
		MZOR
		MZZ
		MZZ1
		MZZ2
		N
		NAAS
		NAAS1
		NABI
		NABL
		NAC
		NADL
		NADL1
		NADLQ
		NAE
		NAFC
		NAIL
		NAK
		NAKD
		NAME
		NAN
		NANO
		NANOS
		NANR
		NAO
		NAO1
		NAP
		NAPA
		NARI
		NAT
		NATI
		NATL
		NATR
		NAUT
		NAV
		NAVB
		NAVB1
		NAVG
		NAVI
		NB
		NBEV
		NBEVQ
		NBG
		NBG1
		NBGG1
		NBHC
		NBIX
		NBL
		NBL1
		NBLX
		NBR
		NBR1
		NBR2
		NBRV
		NBRV1
		NBS
		NBSE
		NBSE1
		NBTB
		NCBS
		NCBS1
		NCC
		NCI
		NCLH
		NCMI
		NCMI1
		NCNO
		NCQ
		NCR
		NCS
		NCT
		NCT1
		NCT2
		NCT3
		NCT4
		NCT5
		NCTY
		NCTY1
		NDAQ
		NDD
		NDE
		NDLS
		NDO
		NDRM
		NDRO
		NDSN
		NDX
		NDXP
		NDZ
		NE
		NE1
		NEAR
		NEBC
		NEBLQ
		NEBQ1
		NECB
		NED
		NEE
		NEFF
		NEGG
		NEM
		NEM1
		NEO
		NEOG
		NEOG1
		NEON
		NEON1
		NEOS
		NEP
		NEPT
		NEPT1
		NERD
		NERV
		NERV1
		NES
		NES1
		NESC
		NESR
		NET
		NETI
		NETL
		NETP1
		NETZ
		NEU
		NEW
		NEW1
		NEWM
		NEWN
		NEWP
		NEWR
		NEWT
		NEWY1
		NEX
		NEX1
		NEXA
		NEXN
		NEXT
		NFBK
		NFD
		NFE
		NFG
		NFGC
		NFIN
		NFLX
		NFLY
		NFP
		NFQ
		NFRA
		NFTY
		NFTZ
		NFX
		NG
		NG1
		NGA
		NGAC
		NGC
		NGCA
		NGD
		NGE
		NGG
		NGG1
		NGHC
		NGL
		NGLS
		NGLS1
		NGM
		NGMS
		NGNE1
		NGNE2
		NGPC
		NGS
		NGVC
		NGVT
		NH
		NH1
		NHC
		NHI
		NHIC
		NHIQ1
		NHTC
		NHWK
		NI
		NI1
		NIB
		NIC
		NICE
		NIE
		NIFE
		NIHD
		NIHDQ
		NILE
		NINE
		NIO
		NIU
		NIWM
		NJC
		NJE
		NJR
		NK
		NKA
		NKC
		NKE
		NKEL
		NKEQ
		NKLA
		NKLA1
		NKTR
		NKTX
		NKY
		NL
		NLD
		NLNK
		NLOK
		NLOK1
		NLR
		NLS
		NLSN
		NLST
		NLTX
		NLTX1
		NLY
		NLY1
		NM
		NM1
		NMBL
		NMCI
		NMFC
		NMG
		NMIH
		NMM
		NMM1
		NMM2
		NMR
		NMRA
		NMRD
		NMRK
		NMRX
		NMTC
		NMTR
		NMTR1
		NMTRQ
		NN
		NNA
		NNA1
		NNBR
		NNDM
		NNE
		NNI
		NNN
		NNOX
		NNVC
		NOA
		NOAH
		NOBL
		NOC
		NOE
		NOG
		NOG1
		NOK
		NOK1
		NOMD
		NOR
		NOR1
		NORD
		NORN
		NORN1
		NORNQ
		NOTE
		NOTV
		NOV
		NOV1
		NOVA
		NOVN
		NOVS
		NOVT
		NOW
		NP
		NPA
		NPBC
		NPCE
		NPD
		NPO
		NPSP
		NPTN
		NPWR
		NQ
		NQE
		NQX
		NR
		NRBO
		NRBO1
		NRC
		NRDS
		NRDY
		NRE
		NREF
		NRF
		NRF1
		NRF2
		NRG
		NRG1
		NRGM
		NRGV
		NRGY
		NRGY1
		NRIX
		NRP
		NRP1
		NRT
		NRXP
		NRZ
		NRZ1
		NS
		NS1
		NSA
		NSAM
		NSC
		NSCO
		NSH
		NSIT
		NSLP
		NSM
		NSP
		NSPH
		NSPH1
		NSPR
		NSPY
		NSR
		NSSC
		NSTB
		NSTG
		NSTGQ
		NSU
		NTAP
		NTB
		NTBL1
		NTC
		NTCO
		NTCO1
		NTCOY
		NTCT
		NTE
		NTEC
		NTEC1
		NTES
		NTEST
		NTGN
		NTGR
		NTGR1
		NTI
		NTLA
		NTLS
		NTLS1
		NTNX
		NTP
		NTPIF
		NTR
		NTR1
		NTR2
		NTRA
		NTRI
		NTRL
		NTRP
		NTRS
		NTSP
		NTST
		NTSX
		NTT
		NTTYY
		NTUS
		NTWK
		NTZO
		NU
		NU1
		NUAN
		NUAN1
		NUC
		NUD
		NUE
		NUGT
		NUGT1
		NUGT2
		NUS
		NUSC
		NUSI
		NUVA
		NUVB
		NUVL
		NUZE
		NUZE1
		NVAX
		NVAX1
		NVCR
		NVD
		NVDA
		NVDD
		NVDL
		NVDQ
		NVDS
		NVDS1
		NVDU
		NVDX
		NVDY
		NVE
		NVEE
		NVEI
		NVFY
		NVGN
		NVGS
		NVIV
		NVIV1
		NVLN
		NVLN1
		NVLN2
		NVLN3
		NVLNF
		NVLS
		NVMI
		NVNO
		NVO
		NVQ
		NVRI
		NVRO
		NVS
		NVS1
		NVST
		NVT
		NVTA
		NVTAQ
		NVTL
		NVTR
		NVTS
		NVUS1
		NVVE
		NVVE1
		NVX
		NWBI
		NWBO
		NWC
		NWD
		NWE
		NWG
		NWG1
		NWHM
		NWL
		NWL1
		NWN
		NWPX
		NWS
		NWSA
		NWTN
		NWY
		NX
		NXC
		NXDT
		NXE
		NXGN
		NXPI
		NXPI1
		NXRT
		NXST
		NXST1
		NXT
		NXTC
		NXTD
		NXTD1
		NXTE
		NXTG
		NXTM
		NXU
		NXY
		NYB
		NYC
		NYC1
		NYCB
		NYCB1
		NYD
		NYLD
		NYLD1
		NYLDA
		NYMT
		NYMT1
		NYMX
		NYMXF
		NYNY
		NYNY1
		NYRT
		NYRT1
		NYRT2
		NYRT3
		NYT
		NYX
		NZAC
		NZD
		NZRO
		NZT
		NZT1
		NZTCY
		NZUS
		O
		O1
		O2
		OA
		OA1
		OA2
		OABI
		OAC
		OACP
		OAD
		OAE
		OAK
		OAKS
		OAKS1
		OARK
		OAS
		OAS1
		OASPQ
		OASQ1
		OB
		OBC
		OBD
		OBDC
		OBE
		OBE1
		OBELF
		OBK
		OBLG
		OBLG1
		OBLN
		OBLN1
		OBNK
		OBOR
		OBSV
		OBSVF
		OC
		OCAT
		OCC
		OCDX
		OCEA
		OCFC
		OCFC1
		OCFT
		OCFT1
		OCG
		OCG1
		OCGN
		OCIP
		OCLR
		OCLR1
		OCLS
		OCN
		OCN1
		OCR
		OCRX
		OCSI
		OCSL
		OCSL1
		OCUL
		OCUP
		OCX
		OCX1
		OCZ
		OCZTQ
		ODD
		ODDS
		ODE
		ODFL
		ODFL1
		ODP
		ODP1
		ODP2
		ODT
		ODTC
		ODV
		OEC
		OEE
		OEF
		OEG
		OEH
		OESX
		OEX
		OFC
		OFG
		OFIX
		OFIX1
		OFS
		OGC
		OGE
		OGI
		OGI1
		OGIG
		OGN
		OGS
		OGXI
		OHAI
		OHE
		OHI
		OHI1
		OHRP
		OHRP1
		OI
		OIBR
		OIBR1
		OIG
		OIG1
		OIGB1
		OIH
		OIH1
		OIHYL
		OII
		OIIM
		OIL
		OILB
		OILD
		OILD1
		OILK
		OILNF
		OILT
		OILU
		OIS
		OIS1
		OJE
		OKE
		OKE1
		OKS
		OKSB
		OKTA
		OLC
		OLED
		OLK
		OLLI
		OLMA
		OLN
		OLO
		OLP
		OLPX
		OM
		OMAB
		OMAB1
		OMAM
		OMC
		OMCL
		OME
		OMED
		OMER
		OMEX
		OMEX1
		OMF
		OMFL
		OMG
		OMGA
		OMI
		OMIC
		OMN
		OMP
		OMPI
		OMX
		OMX1
		ON
		ONB
		ONB1
		ONCE
		ONCR
		ONCS
		ONCS1
		ONCT
		ONCT1
		ONCY
		ONCYF
		OND
		ONDK
		ONDS
		ONE
		ONEM
		ONEO
		ONEQ
		ONEV
		ONEW
		ONEY
		ONG
		ONL
		ONLN
		ONNN
		ONON
		ONP
		ONTF
		ONTO
		ONTO1
		ONTX
		ONTX1
		ONTY
		ONVO
		ONVO1
		ONXX
		OOE
		OOMA
		OOTO
		OPAD
		OPAD1
		OPAL
		OPB
		OPBK
		OPC
		OPCH
		OPCH1
		OPE
		OPEN
		OPFI
		OPHT
		OPI
		OPI1
		OPI2
		OPI3
		OPK
		OPK1
		OPLK
		OPNT
		OPRA
		OPRT
		OPRX
		OPTN
		OPTR
		OPTR1
		OPTT
		OPTT1
		OPWR
		OPXA
		OPXA1
		OPXT
		OPY
		OQD
		OQE
		OR
		ORA
		ORAN
		ORB
		ORBC
		ORBK
		ORC
		ORC1
		ORCC
		ORCL
		ORCT
		ORD
		ORE
		OREX
		OREX1
		OREXQ
		ORFN
		ORGN
		ORGO
		ORGS
		ORI
		ORIC
		ORIG
		ORIG1
		ORIT
		ORLA
		ORLY
		ORMP
		ORN
		ORPH
		ORPHY
		ORRF
		ORTX
		ORTX1
		OSBC
		OSCR
		OSD
		OSG
		OSGIQ
		OSH
		OSIR
		OSIS
		OSK
		OSMT
		OSPN
		OSS
		OSTK
		OSTK1
		OSUR
		OSW
		OSX
		OSXPM
		OTC
		OTD
		OTEL1
		OTEX
		OTIC
		OTIS
		OTLY
		OTMO
		OTMO1
		OTRK
		OTRK1
		OTT
		OTTR
		OUBS
		OUBSF
		OUC
		OUD
		OUE
		OUNZ
		OUSA
		OUSM
		OUST
		OUST1
		OUST2
		OUT
		OUT1
		OUTR
		OVAS
		OVC
		OVID
		OVLH
		OVT
		OVTI
		OVV
		OVV1
		OVV2
		OVX
		OWC
		OWD
		OWL
		OWLT
		OWLT1
		OWW
		OXBT
		OXD
		OXE
		OXF
		OXFD
		OXGN
		OXGN1
		OXM
		OXSQ
		OXSQ1
		OXY
		OXY1
		OXY2
		OYC
		OYD
		OYE
		OYST
		OZK
		OZM
		OZM1
		OZON
		OZRK
		OZRK1
		P
		PAA
		PAA1
		PAAS
		PAAS1
		PAC
		PACB
		PACD
		PACD1
		PACE
		PACK
		PACR
		PACT
		PACW
		PACW1
		PAE
		PAG
		PAGP
		PAGP1
		PAGS
		PAH
		PAHC
		PAL
		PALC
		PALDF
		PAM
		PAM1
		PANL
		PANW
		PAR
		PARA
		PARAA
		PARD1
		PARR
		PARR1
		PASG
		PATH
		PATK
		PATK1
		PAVE
		PAVM
		PAVM1
		PAVM2
		PAWZ
		PAX
		PAY
		PAYA
		PAYC
		PAYO
		PAYS
		PAYX
		PB
		PB1
		PBA
		PBA1
		PBCT
		PBCT1
		PBD
		PBE
		PBF
		PBF1
		PBFX
		PBH
		PBI
		PBJ
		PBNY
		PBP
		PBPB
		PBR
		PBRA
		PBS
		PBT
		PBTH
		PBW
		PBW1
		PBY
		PBYI
		PC
		PCAR
		PCAR1
		PCB
		PCBC
		PCBK
		PCCC
		PCE
		PCEF
		PCG
		PCH
		PCH1
		PCH2
		PCL
		PCLN
		PCMI
		PCOM
		PCOR
		PCP
		PCPL
		PCRFY
		PCRX
		PCS
		PCSB
		PCT
		PCTI
		PCTY
		PCVX
		PCX
		PCXCQ
		PCY
		PCYC
		PCYG
		PCYO
		PD
		PDAC
		PDBA
		PDBC
		PDC
		PDCE
		PDCE1
		PDCO
		PDD
		PDFS
		PDH
		PDLI
		PDLI1
		PDLI2
		PDM
		PDN
		PDP
		PDS
		PDS1
		PDSB
		PDSB1
		PE
		PE1
		PEAK
		PEAR
		PEARQ
		PEB
		PEB1
		PEBO
		PECO
		PEET
		PEG
		PEGA
		PEGI
		PEI
		PEI1
		PEIX
		PEJ
		PEK
		PEN
		PENN
		PENN1
		PEO
		PEP
		PER
		PERI
		PERI1
		PERS
		PERY
		PES
		PESI
		PESX
		PETD
		PETM
		PETQ
		PETS
		PETX
		PETZ
		PETZ1
		PEY
		PEZ
		PF
		PFBC
		PFC
		PFCB
		PFE
		PFE1
		PFEL
		PFES
		PFF
		PFFA
		PFFD
		PFFV
		PFG
		PFGC
		PFGC1
		PFHC
		PFI
		PFIE
		PFIX
		PFLT
		PFLT1
		PFM
		PFMT
		PFNX
		PFPT
		PFS
		PFSI
		PFSW
		PFX1
		PFXF
		PG
		PGC
		PGEM
		PGEN
		PGF
		PGH
		PGHEF
		PGI
		PGJ
		PGLC
		PGM
		PGN
		PGND
		PGNPF
		PGNPQ
		PGNX
		PGNY
		PGR
		PGRE
		PGRU
		PGTI
		PGX
		PGY
		PH
		PHAS
		PHASQ
		PHAT
		PHB
		PHDG
		PHG
		PHH
		PHI
		PHIN
		PHIO
		PHIO1
		PHM
		PHMD
		PHMD1
		PHO
		PHR
		PHUN
		PHX
		PHXM
		PHXM1
		PI
		PIC
		PICK
		PICK1
		PICO
		PID
		PIE
		PII
		PIKE
		PILL
		PIN
		PINC
		PINE
		PING
		PINK
		PINS
		PIO
		PIOI
		PIP
		PIP1
		PIPP
		PIPR
		PIR
		PIR1
		PIRS
		PIXY
		PIXY1
		PIZ
		PJC
		PJD
		PJP
		PJT
		PK
		PK1
		PKB
		PKBK
		PKD
		PKD1
		PKDQ1
		PKDS1
		PKDSQ
		PKE
		PKG
		PKI
		PKOH
		PKST
		PKT
		PKW
		PKX
		PKY
		PL
		PLAB
		PLAN
		PLAY
		PLBY
		PLCE
		PLCM
		PLD
		PLD1
		PLG
		PLKI
		PLL
		PLMR
		PLNR
		PLNT
		PLOW
		PLPM
		PLRX
		PLSE
		PLT
		PLTK
		PLTM
		PLTR
		PLUG
		PLUR
		PLUS
		PLX
		PLX1
		PLXP
		PLXS
		PLXT
		PLYA
		PLYM
		PM
		PMC
		PMCB
		PMCS
		PMD
		PMFG
		PMT
		PMTC
		PMTI
		PMTS
		PMTS1
		PMVP
		PN
		PNC
		PNCLQ
		PNFP
		PNFP1
		PNG
		PNK
		PNM
		PNNT
		PNQI
		PNR
		PNR1
		PNRA
		PNSN
		PNT
		PNTG
		PNW
		PNX
		PNX1
		PNY
		PODD
		POET
		POL
		POL1
		POLY
		POM
		POOL
		POQ
		POR
		POSH
		POST
		POST1
		POT
		POTX
		POTX1
		POWA
		POWI
		POWL
		POWR
		POWW
		POZN
		POZN1
		PP
		PPA
		PPBI
		PPBI1
		PPBT
		PPC
		PPC1
		PPD
		PPDF
		PPE
		PPG
		PPH
		PPHM
		PPHM1
		PPI
		PPIH
		PPL
		PPL1
		PPO
		PPP
		PPS
		PPSI
		PPTA
		PQ
		PQ1
		PQD
		PQG
		PQUE
		PR
		PR1
		PRA
		PRAA
		PRAH
		PRAN
		PRAN1
		PRAX
		PRAX1
		PRCH
		PRCP
		PRCT
		PRD
		PRDO
		PRE
		PRET1
		PRF
		PRFT
		PRFZ
		PRG
		PRG1
		PRGN
		PRGN1
		PRGO
		PRGO1
		PRGO2
		PRGO3
		PRGS
		PRGX
		PRI
		PRIM
		PRK
		PRKR
		PRKR1
		PRKS
		PRLB
		PRLD
		PRM
		PRME
		PRMW
		PRMW1
		PRN
		PRNB
		PRNT
		PRO
		PROF
		PROG
		PROK
		PRPB
		PRPH
		PRPL
		PRPO
		PRPO1
		PRQR
		PRSC
		PRSN
		PRSN1
		PRSO
		PRSO1
		PRSP
		PRSR
		PRSS
		PRTA
		PRTG
		PRTK
		PRTK1
		PRTS
		PRTY
		PRTYQ
		PRU
		PRVA
		PRVB
		PRVL
		PRX
		PRXL
		PS
		PSA
		PSAC
		PSB
		PSCC
		PSCD
		PSCE
		PSCE1
		PSCF
		PSCH
		PSCI
		PSCM
		PSCT
		PSD
		PSDO
		PSDV
		PSE
		PSEC
		PSEM
		PSEP
		PSFE
		PSFE1
		PSG
		PSGLQ
		PSI
		PSIL
		PSJ
		PSK
		PSL
		PSMI
		PSMT
		PSN
		PSNL
		PSNY
		PSO
		PSP
		PSP1
		PSQ
		PSQ1
		PSQH
		PSR
		PSS
		PSSI
		PST
		PSTB
		PSTG
		PSTH
		PSTH1
		PSTHU
		PSTI
		PSTI1
		PSTL
		PSTX
		PSUN
		PSUNQ
		PSV1
		PSX
		PSX1
		PSXP
		PSY
		PT
		PTBD
		PTBI
		PTC
		PTCT
		PTE
		PTE1
		PTEC
		PTEN
		PTEN1
		PTEST
		PTF
		PTGCY
		PTGX
		PTH
		PTHN
		PTI
		PTIE
		PTIE1
		PTLA
		PTLC
		PTLO
		PTM
		PTMN
		PTMN1
		PTN
		PTNQ
		PTON
		PTP
		PTPI
		PTPI1
		PTR
		PTR1
		PTR2
		PTRA
		PTRAQ
		PTRCY
		PTRY
		PTST
		PTVCB
		PTVE
		PTX
		PTX1
		PTXTQ
		PUBM
		PUI
		PUK
		PUK1
		PULB
		PULM
		PULM1
		PULS
		PULS1
		PUMP
		PUNK
		PUTW
		PVA
		PVAC
		PVAH
		PVAHQ
		PVBC
		PVE
		PVG
		PVG1
		PVH
		PVH1
		PVL
		PVR
		PVTB
		PVTL
		PWAV
		PWAVQ
		PWB
		PWD
		PWE
		PWER
		PWFL
		PWP
		PWR
		PWRD
		PWRD1
		PWSC
		PWV
		PWZ
		PX
		PXD
		PXD1
		PXE
		PXF
		PXH
		PXI
		PXJ
		PXJ1
		PXLW
		PXP
		PXQ
		PXSG
		PYC
		PYCR
		PYE
		PYPD
		PYPD1
		PYPL
		PYPS
		PYPT
		PYPY
		PYR
		PYRGF
		PYX
		PYXS
		PYXSQ
		PYZ
		PZA
		PZE
		PZG
		PZN
		PZO
		PZZA
		Q
		Q1
		QABA
		QAD
		QADA
		QAI
		QBQ
		QBTS
		QBTS1
		QCD
		QCLN
		QCOM
		QCOR
		QCP
		QCRH
		QD
		QDD
		QDEF
		QDEL
		QDEL1
		QDF
		QDIV
		QDPL
		QEC
		QEFA
		QELL
		QEMM
		QEP
		QEPM
		QFIN
		QGD
		QGEN
		QGEN1
		QGRO
		QHC
		QHCCQ
		QID
		QID1
		QIHU
		QIPT
		QIWI
		QJC
		QJE
		QKE
		QLD
		QLE
		QLGC
		QLGN
		QLGN1
		QLIK
		QLTI
		QLTI1
		QLTY
		QLYS
		QMCO
		QME
		QMOM
		QNCX
		QNE
		QNGY
		QNGY1
		QNST
		QOD
		QOE
		QPFF
		QPSA
		QPX
		QQD
		QQEW
		QQH
		QQQ
		QQQA
		QQQC
		QQQE
		QQQJ
		QQQM
		QQQY
		QQXT
		QRD
		QRE
		QRFT
		QRHC
		QRM
		QRMI
		QRTA1
		QRTE2
		QRTEA
		QRVO
		QRVO1
		QRVO2
		QS
		QSC
		QSD
		QSFT
		QSI
		QSII
		QSR
		QSR1
		QSR2
		QTC
		QTE
		QTEC
		QTM
		QTM1
		QTNA
		QTNT
		QTNT1
		QTRX
		QTS
		QTT
		QTT1
		QTTOY
		QTUM
		QTWO
		QTWW
		QTWW1
		QTWWQ
		QUAD
		QUAL
		QUBT
		QUD
		QUE
		QUIK
		QUIK1
		QUMU
		QUNR
		QUOT
		QURE
		QUS
		QVC
		QVCA
		QVCA1
		QVCA2
		QVD
		QVE
		QWC
		QWLD
		QXC
		QYLD
		QYLE
		QYLG
		R
		RA
		RAAC
		RAAS
		RAAS1
		RAASY
		RAAX
		RAC
		RACE
		RAD
		RAD1
		RADA
		RADCQ
		RADI
		RAE
		RAH
		RAH1
		RAI
		RAI1
		RAIL
		RAIN
		RALY
		RAM
		RAMP
		RANI
		RAPT
		RARE
		RARX
		RAS
		RASF
		RASF1
		RATE
		RAVE
		RAVN
		RAX
		RAYS
		RBA
		RBA1
		RBAC
		RBB
		RBBN
		RBBN1
		RBC
		RBCAA
		RBCN
		RBCN1
		RBD
		RBE
		RBLD
		RBLX
		RBN
		RBOT
		RBS
		RBS1
		RBS2
		RBT
		RBT1
		RBY
		RBYCF
		RC
		RC1
		RCAP
		RCAPQ
		RCAT
		RCD
		RCEL
		RCEL1
		RCI
		RCII
		RCKT
		RCKT1
		RCL
		RCM
		RCMT
		RCON
		RCPI
		RCPI1
		RCPT
		RCUS
		RDA
		RDA1
		RDBX
		RDC
		RDD
		RDDYQ
		RDEA
		RDEN
		RDFN
		RDHL
		RDHL1
		RDI
		RDIV
		RDN
		RDNT
		RDSA
		RDSB
		RDUS
		RDVI
		RDVT
		RDVY
		RDW
		RDWR
		RDY
		RE
		REAL
		REAX
		RECN
		RED
		REDF
		REDFY
		REDU
		REE
		REE1
		REED
		REED1
		REEMF
		REET
		REFI
		REFR
		REG
		REG1
		REGI
		REGI1
		REGL
		REGN
		REI
		REIS
		REK
		REK1
		REKR
		RELL
		RELX
		RELY
		REM
		REM1
		REMX
		REMX1
		REMY
		REN
		REN1
		RENB
		RENN
		RENN1
		RENT
		REPH
		REPH1
		REPL
		REPX
		RES
		RES1
		RESI
		RESN
		RETA
		RETL
		RETL1
		REUN1
		REV
		REVG
		REVRQ
		REW
		REW1
		REX
		REXI
		REXN1
		REXR
		REXX
		REXX1
		REYN
		REZ
		REZI
		RF
		RFD
		RFE
		RFG
		RFIL
		RFL
		RFMD
		RFP
		RFV
		RGA
		RGC
		RGCO
		RGDO
		RGEN
		RGI
		RGLD
		RGLS
		RGLS1
		RGNX
		RGP
		RGP1
		RGR
		RGS
		RGS1
		RGSE
		RGSE1
		RGTI
		RH
		RHC
		RHD
		RHE
		RHI
		RHP
		RHP1
		RHS
		RHT
		RIC
		RICE
		RICK
		RIDE
		RIDE1
		RIDEQ
		RIET
		RIG
		RIG1
		RIGL
		RIGP
		RIGZ
		RILY
		RILY1
		RIMG
		RIMM
		RINC
		RINF
		RING
		RING1
		RINO
		RIO
		RIO1
		RIOM
		RIOT
		RITM
		RIVN
		RJA
		RJD
		RJE
		RJET
		RJETQ
		RJF
		RJF1
		RJF2
		RJI
		RJN
		RJZ
		RKDA
		RKDA1
		RKH
		RKLB
		RKLY
		RKLYQ
		RKT
		RKUS
		RL
		RLAY
		RLD
		RLE
		RLG
		RLGT
		RLGY
		RLH
		RLI
		RLJ
		RLJ1
		RLMD
		RLOC
		RLV
		RLX
		RLY
		RLYP
		RM
		RMAX
		RMBL
		RMBS
		RMC
		RMD
		RMG
		RMGB
		RMN
		RMNI
		RMO
		RMP
		RMR
		RMTI
		RMTI1
		RMTR
		RNA
		RNAC
		RNAC1
		RND
		RNDY
		RNE
		RNET
		RNF
		RNG
		RNGR
		RNLX
		RNN
		RNN1
		RNO
		RNR
		RNR1
		RNST
		RNW
		RNWK
		ROAD
		ROAN
		ROBO
		ROBT
		ROC
		ROCC
		ROCK
		ROCM
		ROD
		RODM
		ROG
		ROIAK
		ROIC
		ROIV
		ROK
		ROKT
		ROKU
		ROL
		ROL1
		ROLL
		ROM
		ROOT
		ROOT1
		ROP
		ROSE
		ROSG
		ROSG1
		ROST
		ROVI
		ROVR
		ROYL
		ROYT
		ROYTL
		RP
		RPAI
		RPAR
		RPAY
		RPC
		RPD
		RPE
		RPG
		RPHM
		RPHS
		RPLA
		RPM
		RPRX
		RPT
		RPTP
		RPTX
		RPV
		RPXC
		RQD
		RRC
		RRC1
		RRD
		RRD1
		RRGB
		RRMS
		RRR
		RRR1
		RRTS
		RRTS1
		RRX
		RRX1
		RS
		RSC
		RSD
		RSE
		RSG
		RSH
		RSHC
		RSHCQ
		RSI
		RSKD
		RSO
		RSO1
		RSOL
		RSP
		RSPC
		RSPD
		RSPF
		RSPG
		RSPH
		RSPM
		RSPN
		RSPP
		RSPR
		RSPS
		RSPT
		RSPU
		RST
		RSTI
		RSU
		RSVA
		RSVR
		RSW
		RSX
		RSYS
		RT
		RTE
		RTEC
		RTH
		RTHYL
		RTI
		RTIX
		RTK
		RTK1
		RTKH
		RTKHQ
		RTL
		RTLR
		RTM
		RTN
		RTO
		RTO1
		RTP
		RTPY
		RTPZ
		RTRX
		RTW
		RTWIQ
		RTX
		RTX1
		RTX2
		RTX3
		RUBI
		RUBI1
		RUBY
		RUD
		RUE
		RUI
		RUM
		RUN
		RUN1
		RUNN
		RUSH1
		RUSHA
		RUSL
		RUSL1
		RUSS
		RUSS1
		RUT
		RUTH
		RUTQ
		RUTW
		RVAC
		RVBD
		RVBD1
		RVE
		RVI
		RVIC
		RVIC1
		RVLP
		RVLPQ
		RVLT
		RVLT1
		RVLV
		RVM
		RVMD
		RVMD1
		RVNC
		RVP
		RVPH
		RVSB
		RVSN
		RVTY
		RVX
		RVYL
		RVYL1
		RWAY
		RWC
		RWD
		RWE
		RWGV
		RWJ
		RWK
		RWL
		RWLK
		RWM
		RWM1
		RWO
		RWR
		RWT
		RWVG
		RWX
		RXC
		RXD
		RXDX
		RXI
		RXII
		RXII1
		RXL
		RXN
		RXO
		RXRX
		RXST
		RXT
		RY
		RY1
		RYAA1
		RYAAY
		RYAM
		RYAN
		RYB
		RYCE1
		RYD
		RYE
		RYF
		RYH
		RYI
		RYL
		RYLD
		RYLG
		RYN
		RYN1
		RYT
		RYTM
		RYU
		RYZB
		RZG
		RZV
		S
		S1
		SA
		SAA
		SAAS
		SABA
		SABR
		SACH
		SAFE
		SAFE1
		SAFE2
		SAFM
		SAFT
		SAGE
		SAH
		SAI
		SAIA
		SAIA1
		SAIC
		SAIC1
		SAII
		SAIL
		SALE
		SALM
		SALT
		SALT1
		SALT2
		SAM
		SAMA
		SAMG
		SAN
		SAN1
		SANA
		SAND
		SAND1
		SANM
		SANW
		SAP
		SAP1
		SAPE
		SAR
		SARK
		SASI
		SASI1
		SASR
		SATC
		SATC1
		SATCQ
		SATL
		SATO
		SATS
		SATS1
		SAVA
		SAVA1
		SAVE
		SB
		SBAC
		SBB
		SBBP
		SBCF
		SBD
		SBE
		SBEA
		SBEV
		SBG
		SBGI
		SBGL
		SBGL1
		SBGL2
		SBGL3
		SBH
		SBIO
		SBLK
		SBLK1
		SBM
		SBM1
		SBNY
		SBOW
		SBRA
		SBRA1
		SBS
		SBSI
		SBSI1
		SBSW
		SBT
		SBTX
		SBUG
		SBUX
		SBX
		SBY
		SC
		SCAI
		SCBT
		SCBT1
		SCC
		SCCO
		SCD
		SCE
		SCEI
		SCG
		SCHA
		SCHB
		SCHC
		SCHD
		SCHE
		SCHF
		SCHG
		SCHH
		SCHJ
		SCHK
		SCHL
		SCHM
		SCHN
		SCHO
		SCHP
		SCHR
		SCHS
		SCHSQ
		SCHV
		SCHW
		SCHW1
		SCHX
		SCHY
		SCHZ
		SCI
		SCIF
		SCIF1
		SCJ
		SCL
		SCLN
		SCLX
		SCM
		SCMP
		SCMR
		SCMR1
		SCNB
		SCO
		SCO1
		SCOK
		SCOM
		SCON
		SCON1
		SCOR
		SCOR1
		SCPB
		SCPE
		SCPH
		SCPL
		SCPX
		SCR
		SCS
		SCSC
		SCSS
		SCTL
		SCTY
		SCU
		SCVL
		SCWX
		SCYX
		SCYX1
		SCZ
		SD
		SD1
		SDC
		SDCCQ
		SDD
		SDEM
		SDEM1
		SDGR
		SDIG
		SDIG1
		SDIV
		SDIV1
		SDLP
		SDLP1
		SDOC
		SDOCQ
		SDOG
		SDOW
		SDOW1
		SDP
		SDR
		SDRL
		SDRL1
		SDRLF
		SDRMU
		SDS
		SDS1
		SDT
		SDTTU
		SDVY
		SDY
		SE
		SEA
		SEAC
		SEAC1
		SEAH
		SEAS
		SEAT
		SEC
		SECO
		SECO1
		SECT
		SED
		SEDG
		SEE
		SEED
		SEED1
		SEEL
		SEEL1
		SEER
		SEF
		SEF1
		SEH
		SEIC
		SELB
		SELF
		SEM
		SEMG
		SEMG1
		SEMI
		SEMR
		SEND
		SENS
		SENT
		SEP
		SERV
		SERV1
		SES
		SES1
		SESN
		SETH
		SEV
		SEVCQ
		SEVN
		SF
		SF1
		SFBS
		SFC
		SFD
		SFE
		SFES
		SFG
		SFI
		SFIX
		SFL
		SFLY
		SFM
		SFNC
		SFNC1
		SFR
		SFS
		SFST
		SFT
		SFT1
		SFT2
		SFTQ1
		SFTQ2
		SFTW
		SFUN
		SFUN1
		SFUN2
		SFXE
		SFXEQ
		SFY
		SFYF
		SFYW
		SFYWQ
		SFYX
		SG
		SGBK
		SGBX
		SGBX1
		SGC
		SGDJ
		SGDM
		SGEN
		SGFY
		SGG
		SGGB
		SGGFF
		SGH
		SGHC
		SGHT
		SGI
		SGLB
		SGLY
		SGLY1
		SGML
		SGMO
		SGMS
		SGNT
		SGOC
		SGOL
		SGRY
		SGTX
		SGTX1
		SGU
		SGY
		SGY1
		SGYP
		SGYP1
		SGYPQ
		SH
		SH1
		SHAK
		SHAW
		SHBI
		SHBI1
		SHC
		SHCO
		SHCR
		SHD
		SHE
		SHEL
		SHEN
		SHF
		SHFL
		SHG
		SHI
		SHI1
		SHIP
		SHLD
		SHLD1
		SHLD2
		SHLD3
		SHLDQ
		SHLL
		SHLM
		SHLO
		SHLOQ
		SHLS
		SHLX
		SHM
		SHO
		SHOO
		SHOO1
		SHOP
		SHOR
		SHOS
		SHOT
		SHPG
		SHPG1
		SHPGY
		SHPW
		SHPW1
		SHS
		SHV
		SHW
		SHY
		SHYF
		SHYG
		SHZ
		SI
		SIAL
		SIBN
		SIC
		SICP
		SID
		SIEB
		SIEGY
		SIEN
		SIEN1
		SIFY
		SIG
		SIGA
		SIGAQ
		SIGI
		SIGM
		SIGM1
		SII
		SIJ
		SIJ1
		SIL
		SIL1
		SILC
		SILJ
		SILK
		SILV
		SILX
		SIM
		SIMG
		SIMO
		SIMS
		SINA
		SINA1
		SINA2
		SINO
		SINV
		SIOX
		SIOX1
		SIR
		SIR1
		SIRI
		SIRI1
		SIRO
		SITC
		SITC1
		SITC2
		SITE
		SITM
		SIVB
		SIVB1
		SIVBQ
		SIVR
		SIX
		SIXB
		SIXC
		SIXE
		SIXI
		SIXM
		SIXR
		SIXRE
		SIXT
		SIXU
		SIXV
		SIXY
		SIZE
		SJB
		SJC
		SJD
		SJE
		SJI
		SJIM
		SJM
		SJM1
		SJNK
		SJR
		SJT
		SJW
		SKA
		SKE
		SKF
		SKF1
		SKH
		SKIL
		SKIL1
		SKIN
		SKIS
		SKLZ
		SKLZ1
		SKM
		SKM1
		SKRE
		SKS
		SKT
		SKUL
		SKX
		SKY
		SKYH
		SKYT
		SKYU
		SKYW
		SKYX
		SKYY
		SLAB
		SLAC
		SLB
		SLB1
		SLC
		SLCA
		SLCR
		SLD
		SLDB
		SLDB1
		SLDP
		SLE
		SLE1
		SLF
		SLG
		SLG1
		SLG2
		SLG3
		SLG4
		SLGC
		SLGG
		SLGL
		SLGN
		SLH
		SLI
		SLM
		SLM1
		SLNH
		SLNH1
		SLNO
		SLNO1
		SLP
		SLQD
		SLQT
		SLRC
		SLRC1
		SLRN
		SLRX1
		SLS
		SLS1
		SLS2
		SLT
		SLTD
		SLV
		SLVM
		SLVP
		SLW
		SLX
		SLXP
		SLY
		SLYG
		SLYV
		SM
		SMA
		SMAR
		SMB
		SMBC
		SMBK
		SMBL
		SMCI
		SMDD
		SMDD1
		SMDV
		SME
		SMED
		SMFG
		SMFR
		SMG
		SMH
		SMHI
		SMHYL
		SMIN
		SMLF
		SMLP
		SMLP1
		SMLV
		SMMD
		SMMF
		SMMT
		SMN
		SMN1
		SMOG
		SMOT
		SMP
		SMPL
		SMR
		SMRT
		SMRTQ
		SMS
		SMSC
		SMSI
		SMSI1
		SMSMY
		SMT
		SMT1
		SMTA
		SMTA1
		SMTC
		SMTX
		SMWB
		SN
		SNA
		SNAK
		SNAP
		SNBC
		SNBC1
		SNBR
		SNC
		SNCA1
		SNCR
		SNCR1
		SNCY
		SND
		SNDK
		SNDL
		SNDL1
		SNDR
		SNDX
		SNE
		SNEC
		SNECQ
		SNEX
		SNEX1
		SNH
		SNH1
		SNHY
		SNI
		SNII
		SNLN
		SNMX
		SNN
		SNN1
		SNOW
		SNP
		SNP1
		SNPE
		SNPO
		SNPR
		SNPS
		SNPTY
		SNR
		SNSR
		SNSS
		SNSS1
		SNT
		SNT1
		SNTA
		SNTS
		SNV
		SNV1
		SNX
		SNX1
		SNY
		SNY1
		SO
		SOA
		SOAC
		SOCL
		SODA
		SOE
		SOFI
		SOGC
		SOGCQ
		SOGO
		SOGP
		SOGP1
		SOGU
		SOHU
		SOI
		SOL
		SOL1
		SOLO
		SOLY
		SOMX
		SOMX1
		SON
		SONC
		SOND
		SOND1
		SONO
		SONS
		SONS1
		SONY
		SOPH
		SORL
		SOS
		SOS1
		SOUN
		SOVO
		SOX
		SOXL
		SOXPM
		SOXQ
		SOXS
		SOXS1
		SOXX
		SOYB
		SP
		SPA
		SPAB
		SPAK
		SPAQ
		SPAR
		SPB
		SPB1
		SPBO
		SPC
		SPCE
		SPCX
		SPD
		SPDN
		SPDN1
		SPDW
		SPE
		SPEM
		SPESG
		SPEU
		SPF
		SPFF
		SPFI
		SPFR
		SPG
		SPG1
		SPGI
		SPGI1
		SPGM
		SPGP
		SPH
		SPHB
		SPHD
		SPHQ
		SPHR
		SPHR1
		SPHS
		SPHY
		SPI
		SPIB
		SPIKE
		SPIL
		SPIP
		SPIR
		SPIR1
		SPKE
		SPKX
		SPKY
		SPLB
		SPLG
		SPLK
		SPLS
		SPLV
		SPMB
		SPMD
		SPMO
		SPMV
		SPN
		SPN1
		SPNC
		SPNE
		SPNS
		SPNT
		SPNV
		SPNX
		SPOK
		SPOT
		SPP
		SPPI
		SPPJY
		SPR
		SPRD
		SPRO
		SPRQ
		SPRT
		SPRT1
		SPRU
		SPRU1
		SPRX
		SPRY
		SPSB
		SPSC
		SPSM
		SPSM1
		SPT
		SPTI
		SPTL
		SPTM
		SPTN
		SPTN1
		SPTS
		SPU
		SPUU
		SPVM
		SPVU
		SPW
		SPWH
		SPWR
		SPWR1
		SPX
		SPXC
		SPXC1
		SPXE
		SPXL
		SPXN
		SPXPM
		SPXQ
		SPXS
		SPXS1
		SPXT
		SPXU
		SPXU1
		SPXV
		SPXW
		SPXZ
		SPY
		SPY7
		SPYD
		SPYG
		SPYJ
		SPYV
		SPYX
		SQ
		SQBG
		SQBG1
		SQE
		SQFT
		SQFT1
		SQI
		SQM
		SQM1
		SQM2
		SQNM
		SQNS
		SQQQ
		SQQQ1
		SQQQ2
		SQSP
		SQY
		SQZ
		SQZB
		SR
		SRAC
		SRAD
		SRAQ
		SRAX
		SRC
		SRC1
		SRC2
		SRCE
		SRCI
		SRCL
		SRDX
		SRE
		SRET
		SRET1
		SREV
		SRG
		SRGA
		SRGA1
		SRI
		SRL
		SRLN
		SRLP
		SRNE
		SRNE1
		SRNEQ
		SRNG
		SRNGU
		SRO
		SRPT
		SRRA
		SRRA1
		SRRK
		SRS
		SRS1
		SRS2
		SRT
		SRTS
		SRTY
		SRTY1
		SRTY2
		SRVR
		SRZ
		SSB
		SSB1
		SSC
		SSD
		SSE
		SSEI
		SSEIQ
		SSG
		SSG1
		SSH
		SSH1
		SSI
		SSINQ
		SSL
		SSLT
		SSLT1
		SSN
		SSN1
		SSNC
		SSNI
		SSNYY
		SSO
		SSP
		SSP1
		SSP2
		SSPK
		SSRG1
		SSRI
		SSRM
		SSRX
		SSS
		SSSS
		SSSS1
		SSSS2
		SSSS3
		SST
		SSTI
		SSTK
		SSUS
		SSW
		SSYS
		ST
		STAA
		STAB
		STAG
		STAN
		STAR
		STAR1
		STAY
		STB
		STBA
		STBZ
		STC
		STCK
		STCN
		STCN1
		STD
		STE
		STE1
		STEC
		STEI
		STEL
		STEL1
		STEM
		STEP
		STER
		STFC
		STGF
		STGW
		STHO
		STI
		STIC
		STIM
		STIP
		STJ
		STKH
		STKL
		STKS
		STL
		STL1
		STLA
		STLA1
		STLA2
		STLD
		STM
		STML
		STMP
		STN
		STNE
		STNG
		STNG1
		STNR
		STO
		STOK
		STON
		STOR
		STP
		STPC
		STPFQ
		STPK
		STPZ
		STR
		STR1
		STR2
		STRA
		STRA1
		STRI
		STRI1
		STRL
		STRM
		STRO
		STRP
		STRY
		STRY1
		STRYQ
		STRZ1
		STRZA
		STS
		STSA
		STSI
		STT
		STTK
		STV
		STV1
		STVN
		STVVY
		STWD
		STWD1
		STWO
		STX
		STXS
		STXS1
		STZ
		SU
		SUBZ
		SUC
		SUD
		SUI
		SUM
		SUM1
		SUMO
		SUN
		SUN1
		SUNE
		SUNEQ
		SUNH
		SUNL
		SUNL1
		SUNS
		SUNW
		SUNW1
		SUNWQ
		SUP
		SUPL
		SUPN
		SUPV
		SUPX
		SURF
		SURG
		SUSA
		SUSB
		SUSL
		SUSP
		SUSQ
		SUSS
		SUTR
		SUZ
		SUZ1
		SV
		SVA
		SVAC
		SVAL
		SVBI
		SVC
		SVE
		SVFA
		SVFAU
		SVIX
		SVM
		SVMK
		SVMLF
		SVN
		SVNT
		SVNTQ
		SVO
		SVOL
		SVRA
		SVRA1
		SVU
		SVU1
		SVV
		SVVC
		SVXY
		SVXY1
		SWAN
		SWAR
		SWAV
		SWAY
		SWBI
		SWBI1
		SWC
		SWCH
		SWD
		SWE
		SWEB
		SWFT
		SWHC
		SWHYL
		SWI
		SWI1
		SWI2
		SWIM
		SWIR
		SWIR1
		SWK
		SWKS
		SWM
		SWN
		SWN1
		SWS
		SWSH
		SWSH1
		SWTX
		SWVL
		SWVL1
		SWX
		SWY
		SWY1
		SXC
		SXC1
		SXCI
		SXCI1
		SXCP
		SXE
		SXEE
		SXEEQ
		SXI
		SXL
		SXT
		SY
		SYA
		SYBT
		SYBT1
		SYBX
		SYBX1
		SYD
		SYE
		SYF
		SYK
		SYKE
		SYLD
		SYM
		SYMC
		SYMM
		SYMX
		SYNA
		SYNC
		SYNH
		SYNL
		SYNM
		SYNT
		SYPR
		SYQ
		SYRE1
		SYRG
		SYRS
		SYRS1
		SYRS2
		SYT
		SYT1
		SYX
		SYY
		SZK
		SZMK
		SZMK1
		SZYM
		T
		T1
		TA
		TA1
		TAC
		TACO
		TACT
		TAE
		TAGS
		TAHO
		TAHO1
		TAIL
		TAK
		TAK1
		TAL
		TALK
		TALO
		TAM
		TAN
		TAN1
		TAO
		TAOM
		TAOP
		TAOP1
		TAP
		TARA
		TARK
		TARK1
		TARO
		TARO1
		TARS
		TASK
		TASR
		TAST
		TAT
		TAT1
		TAXI
		TAYC
		TBA
		TBBK
		TBC
		TBD
		TBF
		TBI
		TBIL
		TBIO
		TBK
		TBLA
		TBNK
		TBPH
		TBRA
		TBRA1
		TBT
		TBT1
		TC
		TCAP
		TCB
		TCBI
		TCBK
		TCDA
		TCDAQ
		TCF
		TCF1
		TCHI
		TCK
		TCL
		TCMD
		TCN
		TCO
		TCOM
		TCON
		TCP
		TCPC
		TCPTF
		TCRD
		TCRR
		TCRT
		TCRT1
		TCS
		TCX
		TD
		TDC
		TDCX
		TDD
		TDG
		TDIV
		TDOC
		TDOC1
		TDS
		TDS1
		TDSC
		TDTT
		TDUP
		TDV
		TDW
		TDW1
		TDY
		TDY1
		TE
		TEA
		TEAM
		TEAR
		TEAR1
		TECB
		TECD
		TECH
		TECK
		TECL
		TECS
		TECS1
		TECS2
		TECU
		TECUA
		TEF
		TEF1
		TEG
		TEGP
		TEL
		TELA
		TELL
		TEN
		TENB
		TENFB
		TENG
		TENX
		TENX1
		TEO
		TEO1
		TEP
		TEQ
		TER
		TERN
		TERP
		TERP1
		TESO
		TESTY
		TEU
		TEUM
		TEVA
		TEX
		TFC
		TFC1
		TFCA1
		TFCF1
		TFD
		TFE
		TFFP
		TFFP1
		TFI
		TFI1
		TFII
		TFIN
		TFLO
		TFM
		TFPM
		TFPM1
		TFSL
		TFX
		TG
		TG1
		TGA
		TGB
		TGD
		TGE
		TGE1
		TGH
		TGI
		TGI1
		TGLS
		TGNA
		TGNA1
		TGP
		TGS
		TGS1
		TGT
		TGTX
		TH
		THBR
		THC
		THC1
		THCA
		THCB
		THCH
		THCX
		THCX1
		THD
		THE
		THFF
		THG
		THI
		THIFB
		THLD
		THLV
		THM
		THNQ
		THO
		THOR
		THQI
		THQI1
		THR
		THRD
		THRM
		THRN
		THRX
		THRX1
		THRY
		THS
		THTX
		THTX1
		TI
		TIBX
		TIC
		TICC
		TIE
		TIER
		TIF
		TIG
		TIGO
		TIGR
		TIIAY
		TIL
		TIL1
		TILE
		TILL
		TIMB
		TIME
		TINT
		TINY
		TIO
		TIP
		TIPD
		TIPL
		TIPT
		TIPX
		TIS
		TISI
		TISI1
		TISUQ
		TITN
		TIVO
		TIVO1
		TIXT
		TJX
		TK
		TKAI
		TKAT
		TKC
		TKMR
		TKO
		TKR
		TKR1
		TLAB
		TLAB1
		TLB
		TLC
		TLE
		TLGT
		TLGT1
		TLH
		TLIS
		TLIS1
		TLK
		TLK1
		TLLP
		TLLP1
		TLM
		TLMD
		TLMR
		TLN
		TLND
		TLOG
		TLP
		TLPH
		TLRA
		TLRD
		TLRDQ
		TLRY
		TLRY1
		TLRY2
		TLS
		TLSA
		TLSA1
		TLT
		TLYS
		TM
		TMAT
		TMC
		TMCI
		TMD
		TMDV
		TMDX
		TME
		TMF
		TMF1
		TMFC
		TMH
		TMHC
		TMHC1
		TMK
		TMK1
		TMO
		TMP
		TMPO
		TMQ
		TMS
		TMST
		TMUS
		TMUS1
		TMUS2
		TMV
		TMV1
		TMX
		TNA
		TNAV
		TNC
		TND
		TNDM
		TNDM1
		TNET
		TNGO
		TNGX
		TNK
		TNK1
		TNL
		TNP
		TNP1
		TNS
		TNTR
		TNTRQ
		TNXP
		TNXP1
		TNYA
		TOCA
		TOE
		TOKE
		TOL
		TOLZ
		TOO
		TOON
		TOON1
		TOR1
		TORC
		TORO
		TOST
		TOT
		TOTL
		TOUR
		TOWN
		TOWR
		TPB
		TPC
		TPCG
		TPCO
		TPD
		TPE
		TPG
		TPGY
		TPH
		TPI
		TPIC
		TPIV
		TPL
		TPLM
		TPNL
		TPOR
		TPR
		TPRE
		TPST
		TPST1
		TPTX
		TPUB
		TPVG
		TPX
		TPYP
		TQC
		TQE
		TQNT
		TQQQ
		TR
		TR1
		TRAK
		TRC
		TRC1
		TRCH
		TRCH1
		TRCO
		TRD
		TRDF
		TREB
		TREC
		TREE
		TREX
		TRGP
		TRGP1
		TRGP2
		TRGT
		TRHC
		TRI
		TRI1
		TRIB
		TRIDQ
		TRIL
		TRIN
		TRIP
		TRIRF
		TRIT
		TRK
		TRLA
		TRLA1
		TRLG
		TRMB
		TRMD
		TRMK
		TRML
		TRMR
		TRN
		TRN1
		TRNC
		TRNE
		TRNO
		TRNX
		TROO
		TROV
		TROV1
		TROW
		TROX
		TRP
		TRP1
		TRQ
		TRQ1
		TRR
		TRS
		TRS1
		TRST
		TRST1
		TRTN
		TRTX
		TRU
		TRUE
		TRUP
		TRV
		TRVG
		TRVG1
		TRVI
		TRVN
		TRVN1
		TRW
		TRWH
		TRX
		TRXC
		TRXC1
		TRYP
		TS
		TSAT
		TSBK
		TSC
		TSCO
		TSDD
		TSE
		TSEM
		TSG
		TSHA
		TSIA
		TSL
		TSLA
		TSLA1
		TSLI
		TSLL
		TSLQ
		TSLR
		TSLS
		TSLT
		TSLX
		TSLY
		TSLZ
		TSM
		TSN
		TSO
		TSO1
		TSO2
		TSON
		TSP
		TSPH
		TSPT
		TSQ
		TSRA
		TSRO
		TSRX
		TSS
		TSTC
		TSU
		TSU1
		TSVT
		TSYS
		TT
		TT1
		TTAC
		TTC
		TTCF
		TTCFQ
		TTCMY
		TTD
		TTE
		TTE1
		TTEC
		TTEK
		TTGT
		TTI
		TTM
		TTM1
		TTMI
		TTNP
		TTNP1
		TTOO
		TTOO1
		TTPH
		TTPH1
		TTS
		TTSH
		TTT
		TTT1
		TTWO
		TTWO1
		TU
		TUA
		TUBE
		TUEM
		TUEM1
		TUES
		TUFN
		TUMI
		TUP
		TUR
		TURN
		TURN1
		TUSK
		TUYA
		TV
		TVIA
		TVIAQ
		TVL
		TVPT
		TVTX
		TVTY
		TVTY1
		TW
		TWC
		TWCT
		TWD
		TWEB
		TWER
		TWER1
		TWGP
		TWGP1
		TWI
		TWIN
		TWKS
		TWLO
		TWLO1
		TWM
		TWM1
		TWND
		TWNK
		TWO
		TWO1
		TWOU
		TWST
		TWTC
		TWTR
		TWX
		TWX1
		TX
		TXC
		TXCC
		TXCCQ
		TXD
		TXG
		TXI
		TXMD
		TXMD1
		TXN
		TXRH
		TXT
		TXTR
		TYC
		TYC1
		TYD
		TYH
		TYI
		TYL
		TYLG
		TYME
		TYNE
		TYO
		TYP
		TYPE
		TYRA
		TZA
		TZA1
		TZA2
		TZOO
		U
		U1
		UA
		UA1
		UAA
		UAA1
		UAC
		UAC1
		UAL
		UAM
		UAMY
		UAN
		UAN1
		UAVS
		UAVS1
		UBA
		UBER
		UBFO
		UBIO
		UBIO1
		UBNK
		UBNK1
		UBNT
		UBOT
		UBR
		UBS
		UBS1
		UBSH
		UBSH1
		UBSI
		UBSI1
		UBT
		UBX
		UBX1
		UCAR
		UCBI
		UCC
		UCE
		UCFC
		UCO
		UCO1
		UCO2
		UCOM
		UCP
		UCTT
		UCYB
		UDE
		UDF
		UDMY
		UDN
		UDOW
		UDR
		UDRL
		UE
		UEC
		UEE
		UEIC
		UEPS
		UFC
		UFCS
		UFI
		UFO
		UFPI
		UFPT
		UFS
		UGA
		UGAZ
		UGC
		UGE
		UGI
		UGI1
		UGL
		UGP
		UGRO
		UHAL
		UHAL1
		UHALB
		UHS
		UHT
		UI
		UID
		UIE
		UIHC
		UIL
		UIS
		UKC
		UKE
		UKXM
		UL
		UL1
		ULBI
		ULBR
		ULCC
		ULE
		ULTA
		ULTI
		ULTR
		ULY1
		UMBF
		UMC
		UMDD
		UME
		UMH
		UMPQ
		UMPQ1
		UN
		UNF
		UNFI
		UNG
		UNG1
		UNG2
		UNH
		UNH1
		UNIS
		UNIS1
		UNISQ
		UNIT
		UNL
		UNM
		UNP
		UNS
		UNT
		UNTCQ
		UNTD
		UNTD1
		UNTQ1
		UNTY
		UNVR
		UNXL
		UNXLQ
		UOE
		UONE
		UONEK
		UP
		UP1
		UPAR
		UPBD
		UPC
		UPD
		UPH
		UPH1
		UPHL1
		UPI
		UPL
		UPL1
		UPLC
		UPLD
		UPLM
		UPLMQ
		UPRO
		UPS
		UPST
		UPV
		UPW
		UPWK
		UPXI
		UQD
		UQM
		URA
		URA1
		URBN
		URC
		URD
		URE
		URGN
		URI
		URI1
		URNJ
		URNM
		UROY
		URRE
		URRE1
		URS
		URTH
		URTY
		URZ
		USAC
		USAI
		USAK
		USAP
		USAS1
		USAT
		USAU
		USB
		USCI
		USCR
		USD
		USDP
		USDU
		USEG
		USEG1
		USER
		USFD
		USFR
		USFR1
		USG
		USHY
		USHY1
		USI
		USIG
		USIO
		USL
		USLB
		USM
		USMC
		USMF
		USMO
		USMV
		USNA
		USO
		USO1
		USOD
		USOD1
		USOU
		USPH
		USPX
		USQ
		USRT
		UST
		USTR
		USU
		USU1
		USX
		USXF
		UTC
		UTE
		UTEK
		UTEN
		UTHR
		UTHY
		UTI
		UTIW
		UTL
		UTSI
		UTSI1
		UTSL
		UTWO
		UTWY
		UTX
		UTX1
		UTY
		UTZ
		UUC
		UUD
		UUE
		UUP
		UUUU
		UUUU1
		UVE
		UVIX
		UVIX1
		UVIX2
		UVSP
		UVV
		UVXY
		UVXY1
		UVXY2
		UVXY3
		UWM
		UWMC
		UXE
		UXI
		UXIN
		UXIN1
		UXIN2
		UYE
		UYG
		UYM
		V
		VA
		VAC
		VAC1
		VACQ
		VAL
		VAL1
		VAL2
		VALE
		VALE1
		VALE2
		VALEP
		VALPQ
		VALQ
		VALQ2
		VALT
		VANI
		VANI1
		VAPO
		VAPO1
		VAR
		VAR1
		VASC
		VATE
		VAW
		VB
		VBIV
		VBIV1
		VBK
		VBLT
		VBR
		VBTX
		VBTX1
		VC
		VCAR
		VCBI
		VCD
		VCEL
		VCI
		VCIT
		VCLK
		VCLO
		VCLT
		VCNX
		VCNX1
		VCR
		VCRA
		VCSA
		VCSA1
		VCSH
		VCTR
		VCVC
		VCXA
		VCYT
		VDC
		VDE
		VDSI
		VE
		VEA
		VEC
		VECO
		VECO1
		VECT
		VED
		VEDL
		VEE
		VEEV
		VEGI
		VEGN
		VEI
		VEL
		VELT
		VELTF
		VEOEY
		VEON
		VEON1
		VER
		VER1
		VERA
		VERI
		VERS
		VERU
		VERV
		VERX
		VET
		VEU
		VEV
		VFC
		VFC1
		VFD
		VFF
		VFH
		VFMF
		VFMO
		VFMV
		VFQY
		VFS
		VFVA
		VG
		VGAC
		VGIT
		VGK
		VGLT
		VGR
		VGR1
		VGSH
		VGT
		VGZ
		VHC
		VHC1
		VHI
		VHS
		VHT
		VIA
		VIA1
		VIAB
		VIAC
		VIAC1
		VIAC2
		VIACA
		VIAV
		VIAV1
		VIC
		VICE
		VICI
		VICI1
		VICL
		VICL1
		VICR
		VID
		VIE
		VIEW
		VIEW1
		VIG
		VIGI
		VIH
		VIIX
		VIIX1
		VIIXF
		VIMC
		VINO
		VINO1
		VINP
		VIOG
		VIOO
		VIOV
		VIP
		VIPS
		VIR
		VIRI
		VIRT
		VIRX
		VIRX1
		VIRX2
		VIS
		VISI
		VISL
		VISL1
		VISN
		VISN1
		VIST
		VIT
		VITL
		VIV
		VIVE
		VIVE1
		VIVO
		VIX
		VIXM
		VIXM1
		VIXW
		VIXY
		VIXY1
		VIXY2
		VJD
		VJET
		VJET1
		VKE
		VKTX
		VLCCF
		VLD
		VLDR
		VLN
		VLO
		VLO1
		VLP
		VLRS
		VLTA
		VLTC
		VLTC1
		VLTO
		VLTR
		VLU
		VLUE
		VLY
		VLY1
		VMAX
		VMAX1
		VMBS
		VMC
		VMD
		VMED
		VMEM
		VMEM1
		VMEMQ
		VMEO
		VMI
		VMIN
		VMW
		VNC
		VNCE
		VNCE1
		VND
		VNDA
		VNE
		VNET
		VNLA
		VNO
		VNO1
		VNOM
		VNQ
		VNQI
		VNR
		VNR1
		VNR2
		VNRSQ
		VNRX
		VNT
		VNTR
		VNTRQ
		VNTV
		VO
		VOC
		VOCS
		VOD
		VOD1
		VOE
		VOG
		VOLC
		VOLQ
		VOLT
		VONE
		VONG
		VONV
		VOO
		VOO1
		VOOG
		VOOV
		VOR
		VORB
		VOT
		VOX
		VOXX
		VOYA
		VPC
		VPCO
		VPCO1
		VPE
		VPFG
		VPG
		VPHM
		VPL
		VPN
		VPRT
		VPU
		VQ
		VQS
		VQSSF
		VR
		VR1
		VRA
		VRAR
		VRAY
		VRAYQ
		VRCA
		VRD
		VRDN
		VRE
		VREX
		VRM
		VRM1
		VRML
		VRNA
		VRNG
		VRNG1
		VRNM
		VRNS
		VRNT
		VRNT1
		VRNT2
		VRP
		VRRM
		VRS
		VRS1
		VRSK
		VRSN
		VRSZ
		VRSZQ
		VRT
		VRTS
		VRTU
		VRTV
		VRTX
		VRX
		VS
		VS1
		VSAR
		VSAT
		VSAT1
		VSC
		VSCO
		VSD
		VSDA
		VSE
		VSEC
		VSH
		VSI
		VSLR
		VSM
		VSPR
		VSR
		VSS
		VST
		VST1
		VSTM
		VSTM1
		VSTO
		VSTRP
		VSTS
		VT
		VTA
		VTAE
		VTC
		VTD
		VTEB
		VTEX
		VTGN
		VTGN1
		VTHR
		VTI
		VTIP
		VTIQ
		VTL
		VTLE
		VTNR
		VTOL
		VTOL1
		VTR
		VTR1
		VTRS
		VTS
		VTSI
		VTSS
		VTTI
		VTUS
		VTV
		VTWG
		VTWO
		VTWV
		VTYX
		VUE
		VUG
		VUZI
		VV
		VVC
		VVI
		VVNT
		VVOS
		VVOS1
		VVPR
		VVPR1
		VVTV
		VVUS
		VVUS1
		VVUSQ
		VVV
		VVX
		VWE
		VWO
		VWOB
		VWR
		VWTR
		VXE
		VXEEM
		VXEWZ
		VXF
		VXQ
		VXRT
		VXRT1
		VXST
		VXUS
		VXX
		VXX1
		VXX2
		VXXB
		VXZ
		VXZ1
		VXZB
		VYD
		VYGG
		VYGR
		VYM
		VYMI
		VYNE
		VYNE1
		VYX
		VYX1
		VZ
		VZ1
		VZIO
		W
		WAB
		WABC
		WAC
		WAFD
		WAG
		WAGE
		WAIR
		WAL
		WANT
		WASH
		WAT
		WATT
		WATT1
		WAVD
		WAVX
		WAVX1
		WB
		WBA
		WBAI
		WBAT
		WBC
		WBD
		WBMD
		WBS
		WBS1
		WBSN
		WBT
		WBX
		WCBO
		WCBR
		WCC
		WCC1
		WCD
		WCE
		WCG
		WCIC
		WCLD
		WCN
		WCN1
		WCN2
		WCRX
		WD
		WDAY
		WDC
		WDC1
		WDE
		WDFC
		WDIV
		WDNA
		WDR
		WDS
		WE
		WE1
		WEAT
		WEAV
		WEB
		WEBL
		WEBR
		WEBS
		WEC
		WEC1
		WED
		WEED
		WEED1
		WEJO
		WEJOF
		WEJOQ
		WELL
		WEN
		WERN
		WES
		WES1
		WEST
		WETF
		WEWK1
		WEWKQ
		WEX
		WFC
		WFD
		WFG
		WFH
		WFM
		WFR
		WFRD
		WFT
		WFTIF
		WFTIQ
		WG
		WGD
		WGE
		WGL
		WGMI
		WGO
		WGP
		WGRP
		WGS
		WGS1
		WH
		WHD
		WHE
		WHF
		WHG
		WHR
		WHX
		WHXT
		WHZ
		WHZT
		WIBC
		WIFI
		WILN
		WIMI
		WIN
		WIN1
		WING
		WINMQ
		WINT
		WINT1
		WIP
		WIRE
		WISA
		WISA1
		WISH
		WISH1
		WIT
		WIT1
		WIX
		WJD
		WJE
		WK
		WKC
		WKEY
		WKEY1
		WKEY2
		WKHS
		WKME
		WKSP
		WLB
		WLBA
		WLBAQ
		WLC
		WLDN
		WLH
		WLK
		WLKP
		WLL
		WLL1
		WLMS
		WLMSQ
		WLP
		WLT
		WLTG
		WLTGQ
		WLTW
		WLTW1
		WLTW2
		WLY
		WM
		WMAR
		WMB
		WMB1
		WMC
		WMC1
		WMG
		WMGI
		WMGI1
		WMIH1
		WMK
		WMLP1
		WMS
		WMT
		WNC
		WNDY
		WNEB
		WNR
		WNR1
		WNRL
		WNS
		WOE
		WOLF
		WOOD
		WOOF
		WOR
		WOR1
		WORK
		WOW
		WP
		WPC
		WPC1
		WPD
		WPF
		WPG
		WPG1
		WPGGQ
		WPI
		WPM
		WPP
		WPPGY
		WPRT
		WPRT1
		WPS
		WPX
		WPZ
		WPZ1
		WPZ2
		WQC
		WQE
		WR
		WRAP
		WRB
		WRB1
		WRBY
		WRC
		WRD
		WRE
		WRES
		WRESQ
		WRI
		WRK
		WRK1
		WRK2
		WRLD
		WRLS
		WRTC
		WSBC
		WSBF
		WSC
		WSC1
		WSFS
		WSFS1
		WSH
		WSM
		WSO
		WSR
		WST
		WSTC
		WSTL
		WT
		WTAI
		WTBA
		WTC
		WTD
		WTFC
		WTI
		WTMF
		WTR
		WTR1
		WTRE
		WTRG
		WTRH
		WTS
		WTSL
		WTSLA
		WTT
		WTTR
		WTV
		WTW
		WU
		WUBA
		WUD
		WULF
		WVE
		WW
		WWAV
		WWAV1
		WWAVB
		WWC
		WWD
		WWE
		WWOW
		WWR
		WWW
		WWWW
		WX
		WXE
		WXS
		WY
		WY1
		WYC
		WYN
		WYND
		WYND1
		WYNN
		WYY
		X
		XAIR
		XAL
		XAN
		XAR
		XAU
		XBD
		XBI
		XBIL
		XBIO
		XBIO1
		XBIT
		XBIT1
		XBTF
		XBUY
		XCC
		XCO
		XCO1
		XCOO
		XCOOQ
		XCRA
		XDA
		XDAT
		XDB
		XDC
		XDE
		XDN
		XDNA
		XDS
		XDZ
		XEC
		XEC1
		XEL
		XELA
		XELA1
		XELA2
		XENE
		XENT
		XEO
		XERS
		XERS1
		XES
		XES1
		XFOR
		XFQ
		XG
		XGD
		XGE
		XGN
		XHB
		XHD
		XHE
		XHR
		XHS
		XHYC
		XHYD
		XHYE
		XHYF
		XHYH
		XHYI
		XHYT
		XIC
		XIDE
		XIDEQ
		XIN
		XIN1
		XINGF
		XITK
		XJC
		XKD
		XL
		XLB
		XLC
		XLE
		XLF
		XLF1
		XLFS
		XLG
		XLI
		XLK
		XLNX
		XLP
		XLQ
		XLRE
		XLRN
		XLS
		XLS1
		XLU
		XLV
		XLY
		XM
		XME
		XMHQ
		XMLV
		XMMO
		XMTR
		XMVM
		XNCR
		XND
		XNET
		XNPT
		XNTK
		XOG
		XOGAQ
		XOM
		XOM1
		XOMA
		XOMA1
		XOMO
		XON
		XON1
		XON2
		XONE
		XOOM
		XOP
		XOP1
		XOQ
		XOS
		XOS1
		XOXO
		XP
		XPD
		XPDI
		XPE
		XPEL
		XPER
		XPER1
		XPEV
		XPH
		XPLR
		XPND
		XPO
		XPO1
		XPO2
		XPOA
		XPOF
		XPP
		XPRO
		XPRO1
		XQD
		XQE
		XRA
		XRAY
		XRAY1
		XRDC
		XRF
		XRF1
		XRLV
		XRM
		XRMI
		XRS
		XRT
		XRTX
		XRX
		XRX1
		XRX2
		XSD
		XSE
		XSHD
		XSHQ
		XSLV
		XSMO
		XSOE
		XSP
		XSPA
		XSPA1
		XSPAM
		XSPPM
		XSVM
		XSW
		XT
		XTC
		XTE
		XTEX
		XTL
		XTLY
		XTN
		XTXI
		XUE
		XUE1
		XVE
		XVOL
		XVV
		XWEB
		XWEL
		XWEL1
		XXE
		XXIA
		XXII
		XXII1
		XYL
		XYL1
		XYLD
		XYLG
		Y
		YAC
		YAD
		YALA
		YALL
		YANG
		YANG1
		YAO
		YBD
		YBE
		YBTC
		YCBD
		YCBD1
		YCL
		YCL1
		YCS
		YDC
		YDD
		YDKN
		YDLE
		YEC
		YED
		YEE
		YELL
		YELLQ
		YELP
		YETI
		YEXT
		YFC
		YGC
		YGD
		YGE
		YGE1
		YGYI
		YHC
		YHD
		YHE
		YHOO
		YI
		YIC
		YID
		YINN
		YINN1
		YJE
		YLD
		YMAB
		YMD
		YMI
		YMLP
		YMLP1
		YMM
		YMTX
		YMTX1
		YNC
		YNDX
		YNE
		YOE
		YOKU
		YOLO
		YONG
		YORW
		YOU
		YPF
		YPS
		YQ
		YQ1
		YQC
		YRCW
		YRCW1
		YRD
		YRE
		YSC
		YSD
		YSG
		YTC
		YTEC
		YTEN
		YTEN1
		YUE
		YUK
		YUM
		YUM1
		YUMC
		YUME
		YVC
		YVE
		YVR
		YVR1
		YVRL1
		YWC
		YWD
		YXC
		YXD
		YXI
		YY
		YYD
		YYY
		YZC
		YZCAY
		Z
		Z1
		ZAGG
		ZAYO
		ZAZA
		ZAZA1
		ZAZZT
		ZBH
		ZBH1
		ZBIO
		ZBIO1
		ZBRA
		ZBZX
		ZD
		ZD1
		ZDGE
		ZEN
		ZEP
		ZEPP
		ZEST
		ZETA
		ZEUS
		ZEV
		ZEV1
		ZEVY1
		ZFGN
		ZG
		ZG1
		ZG2
		ZGN
		ZGNX
		ZGNX1
		ZH
		ZHDG
		ZHNE
		ZI
		ZIM
		ZIMV
		ZINC
		ZINCQ
		ZION
		ZIOP
		ZIP
		ZIXI
		ZJZZT
		ZKIN
		ZLAB
		ZLC
		ZLCS
		ZLTQ
		ZM
		ZMH
		ZN
		ZNGA
		ZNH
		ZNHYY
		ZNOG
		ZNTE
		ZNTL
		ZOES
		ZOLT
		ZOOM
		ZPIN
		ZQK
		ZQKSQ
		ZROZ
		ZS
		ZSL
		ZSL1
		ZSPH
		ZTEST
		ZTO
		ZTS
		ZTST
		ZU
		ZUMZ
		ZUO
		ZVIA
		ZVO
		ZVRA
		ZVRA1
		ZVV
		ZVZZT
		ZWS
		ZWS1
		ZWZZT
		ZX
		ZXZZT
		ZY
		ZYME
		ZYNE
		ZYXI
		ZYXI1
		ZZ
		ZZK
		ZZV
		ZZZ
		ZZZ1
